The system is: Linux - 6.8.0-65-generic - x86_64
Compiling the C compiler identification source file "CMakeCCompilerId.c" succeeded.
Compiler: /usr/bin/cc 
Build flags: 
Id flags:  

The output was:
0


Compilation of the C compiler identification source "CMakeCCompilerId.c" produced "a.out"

The C compiler identification is GNU, found in "/home/razanh/Inmind/WebRTC/ros2_bags_stream_via_webrtc/build/CMakeFiles/3.22.1/CompilerIdC/a.out"

Compiling the CXX compiler identification source file "CMakeCXXCompilerId.cpp" succeeded.
Compiler: /usr/bin/c++ 
Build flags: 
Id flags:  

The output was:
0


Compilation of the CXX compiler identification source "CMakeCXXCompilerId.cpp" produced "a.out"

The CXX compiler identification is GNU, found in "/home/razanh/Inmind/WebRTC/ros2_bags_stream_via_webrtc/build/CMakeFiles/3.22.1/CompilerIdCXX/a.out"

Detecting C compiler ABI info compiled with the following output:
Change Dir: /home/razanh/Inmind/WebRTC/ros2_bags_stream_via_webrtc/build/CMakeFiles/CMakeTmp

Run Build Command(s):/usr/bin/gmake -f Makefile cmTC_37799/fast && /usr/bin/gmake  -f CMakeFiles/cmTC_37799.dir/build.make CMakeFiles/cmTC_37799.dir/build
gmake[1]: Entering directory '/home/razanh/Inmind/WebRTC/ros2_bags_stream_via_webrtc/build/CMakeFiles/CMakeTmp'
Building C object CMakeFiles/cmTC_37799.dir/CMakeCCompilerABI.c.o
/usr/bin/cc   -v -o CMakeFiles/cmTC_37799.dir/CMakeCCompilerABI.c.o -c /usr/share/cmake-3.22/Modules/CMakeCCompilerABI.c
Using built-in specs.
COLLECT_GCC=/usr/bin/cc
OFFLOAD_TARGET_NAMES=nvptx-none:amdgcn-amdhsa
OFFLOAD_TARGET_DEFAULT=1
Target: x86_64-linux-gnu
Configured with: ../src/configure -v --with-pkgversion='Ubuntu 11.4.0-1ubuntu1~22.04' --with-bugurl=file:///usr/share/doc/gcc-11/README.Bugs --enable-languages=c,ada,c++,go,brig,d,fortran,objc,obj-c++,m2 --prefix=/usr --with-gcc-major-version-only --program-suffix=-11 --program-prefix=x86_64-linux-gnu- --enable-shared --enable-linker-build-id --libexecdir=/usr/lib --without-included-gettext --enable-threads=posix --libdir=/usr/lib --enable-nls --enable-bootstrap --enable-clocale=gnu --enable-libstdcxx-debug --enable-libstdcxx-time=yes --with-default-libstdcxx-abi=new --enable-gnu-unique-object --disable-vtable-verify --enable-plugin --enable-default-pie --with-system-zlib --enable-libphobos-checking=release --with-target-system-zlib=auto --enable-objc-gc=auto --enable-multiarch --disable-werror --enable-cet --with-arch-32=i686 --with-abi=m64 --with-multilib-list=m32,m64,mx32 --enable-multilib --with-tune=generic --enable-offload-targets=nvptx-none=/build/gcc-11-XeT9lY/gcc-11-11.4.0/debian/tmp-nvptx/usr,amdgcn-amdhsa=/build/gcc-11-XeT9lY/gcc-11-11.4.0/debian/tmp-gcn/usr --without-cuda-driver --enable-checking=release --build=x86_64-linux-gnu --host=x86_64-linux-gnu --target=x86_64-linux-gnu --with-build-config=bootstrap-lto-lean --enable-link-serialization=2
Thread model: posix
Supported LTO compression algorithms: zlib zstd
gcc version 11.4.0 (Ubuntu 11.4.0-1ubuntu1~22.04) 
COLLECT_GCC_OPTIONS='-v' '-o' 'CMakeFiles/cmTC_37799.dir/CMakeCCompilerABI.c.o' '-c' '-mtune=generic' '-march=x86-64' '-dumpdir' 'CMakeFiles/cmTC_37799.dir/'
 /usr/lib/gcc/x86_64-linux-gnu/11/cc1 -quiet -v -imultiarch x86_64-linux-gnu /usr/share/cmake-3.22/Modules/CMakeCCompilerABI.c -quiet -dumpdir CMakeFiles/cmTC_37799.dir/ -dumpbase CMakeCCompilerABI.c.c -dumpbase-ext .c -mtune=generic -march=x86-64 -version -fasynchronous-unwind-tables -fstack-protector-strong -Wformat -Wformat-security -fstack-clash-protection -fcf-protection -o /tmp/ccSGVaSy.s
GNU C17 (Ubuntu 11.4.0-1ubuntu1~22.04) version 11.4.0 (x86_64-linux-gnu)
	compiled by GNU C version 11.4.0, GMP version 6.2.1, MPFR version 4.1.0, MPC version 1.2.1, isl version isl-0.24-GMP

GGC heuristics: --param ggc-min-expand=100 --param ggc-min-heapsize=131072
ignoring nonexistent directory "/usr/local/include/x86_64-linux-gnu"
ignoring nonexistent directory "/usr/lib/gcc/x86_64-linux-gnu/11/include-fixed"
ignoring nonexistent directory "/usr/lib/gcc/x86_64-linux-gnu/11/../../../../x86_64-linux-gnu/include"
#include "..." search starts here:
#include <...> search starts here:
 /usr/lib/gcc/x86_64-linux-gnu/11/include
 /usr/local/include
 /usr/include/x86_64-linux-gnu
 /usr/include
End of search list.
GNU C17 (Ubuntu 11.4.0-1ubuntu1~22.04) version 11.4.0 (x86_64-linux-gnu)
	compiled by GNU C version 11.4.0, GMP version 6.2.1, MPFR version 4.1.0, MPC version 1.2.1, isl version isl-0.24-GMP

GGC heuristics: --param ggc-min-expand=100 --param ggc-min-heapsize=131072
Compiler executable checksum: 50eaa2331df977b8016186198deb2d18
COLLECT_GCC_OPTIONS='-v' '-o' 'CMakeFiles/cmTC_37799.dir/CMakeCCompilerABI.c.o' '-c' '-mtune=generic' '-march=x86-64' '-dumpdir' 'CMakeFiles/cmTC_37799.dir/'
 as -v --64 -o CMakeFiles/cmTC_37799.dir/CMakeCCompilerABI.c.o /tmp/ccSGVaSy.s
GNU assembler version 2.38 (x86_64-linux-gnu) using BFD version (GNU Binutils for Ubuntu) 2.38
COMPILER_PATH=/usr/lib/gcc/x86_64-linux-gnu/11/:/usr/lib/gcc/x86_64-linux-gnu/11/:/usr/lib/gcc/x86_64-linux-gnu/:/usr/lib/gcc/x86_64-linux-gnu/11/:/usr/lib/gcc/x86_64-linux-gnu/
LIBRARY_PATH=/usr/lib/gcc/x86_64-linux-gnu/11/:/usr/lib/gcc/x86_64-linux-gnu/11/../../../x86_64-linux-gnu/:/usr/lib/gcc/x86_64-linux-gnu/11/../../../../lib/:/lib/x86_64-linux-gnu/:/lib/../lib/:/usr/lib/x86_64-linux-gnu/:/usr/lib/../lib/:/usr/lib/gcc/x86_64-linux-gnu/11/../../../:/lib/:/usr/lib/
COLLECT_GCC_OPTIONS='-v' '-o' 'CMakeFiles/cmTC_37799.dir/CMakeCCompilerABI.c.o' '-c' '-mtune=generic' '-march=x86-64' '-dumpdir' 'CMakeFiles/cmTC_37799.dir/CMakeCCompilerABI.c.'
Linking C executable cmTC_37799
/usr/bin/cmake -E cmake_link_script CMakeFiles/cmTC_37799.dir/link.txt --verbose=1
/usr/bin/cc  -v CMakeFiles/cmTC_37799.dir/CMakeCCompilerABI.c.o -o cmTC_37799 
Using built-in specs.
COLLECT_GCC=/usr/bin/cc
COLLECT_LTO_WRAPPER=/usr/lib/gcc/x86_64-linux-gnu/11/lto-wrapper
OFFLOAD_TARGET_NAMES=nvptx-none:amdgcn-amdhsa
OFFLOAD_TARGET_DEFAULT=1
Target: x86_64-linux-gnu
Configured with: ../src/configure -v --with-pkgversion='Ubuntu 11.4.0-1ubuntu1~22.04' --with-bugurl=file:///usr/share/doc/gcc-11/README.Bugs --enable-languages=c,ada,c++,go,brig,d,fortran,objc,obj-c++,m2 --prefix=/usr --with-gcc-major-version-only --program-suffix=-11 --program-prefix=x86_64-linux-gnu- --enable-shared --enable-linker-build-id --libexecdir=/usr/lib --without-included-gettext --enable-threads=posix --libdir=/usr/lib --enable-nls --enable-bootstrap --enable-clocale=gnu --enable-libstdcxx-debug --enable-libstdcxx-time=yes --with-default-libstdcxx-abi=new --enable-gnu-unique-object --disable-vtable-verify --enable-plugin --enable-default-pie --with-system-zlib --enable-libphobos-checking=release --with-target-system-zlib=auto --enable-objc-gc=auto --enable-multiarch --disable-werror --enable-cet --with-arch-32=i686 --with-abi=m64 --with-multilib-list=m32,m64,mx32 --enable-multilib --with-tune=generic --enable-offload-targets=nvptx-none=/build/gcc-11-XeT9lY/gcc-11-11.4.0/debian/tmp-nvptx/usr,amdgcn-amdhsa=/build/gcc-11-XeT9lY/gcc-11-11.4.0/debian/tmp-gcn/usr --without-cuda-driver --enable-checking=release --build=x86_64-linux-gnu --host=x86_64-linux-gnu --target=x86_64-linux-gnu --with-build-config=bootstrap-lto-lean --enable-link-serialization=2
Thread model: posix
Supported LTO compression algorithms: zlib zstd
gcc version 11.4.0 (Ubuntu 11.4.0-1ubuntu1~22.04) 
COMPILER_PATH=/usr/lib/gcc/x86_64-linux-gnu/11/:/usr/lib/gcc/x86_64-linux-gnu/11/:/usr/lib/gcc/x86_64-linux-gnu/:/usr/lib/gcc/x86_64-linux-gnu/11/:/usr/lib/gcc/x86_64-linux-gnu/
LIBRARY_PATH=/usr/lib/gcc/x86_64-linux-gnu/11/:/usr/lib/gcc/x86_64-linux-gnu/11/../../../x86_64-linux-gnu/:/usr/lib/gcc/x86_64-linux-gnu/11/../../../../lib/:/lib/x86_64-linux-gnu/:/lib/../lib/:/usr/lib/x86_64-linux-gnu/:/usr/lib/../lib/:/usr/lib/gcc/x86_64-linux-gnu/11/../../../:/lib/:/usr/lib/
COLLECT_GCC_OPTIONS='-v' '-o' 'cmTC_37799' '-mtune=generic' '-march=x86-64' '-dumpdir' 'cmTC_37799.'
 /usr/lib/gcc/x86_64-linux-gnu/11/collect2 -plugin /usr/lib/gcc/x86_64-linux-gnu/11/liblto_plugin.so -plugin-opt=/usr/lib/gcc/x86_64-linux-gnu/11/lto-wrapper -plugin-opt=-fresolution=/tmp/cc0trlkf.res -plugin-opt=-pass-through=-lgcc -plugin-opt=-pass-through=-lgcc_s -plugin-opt=-pass-through=-lc -plugin-opt=-pass-through=-lgcc -plugin-opt=-pass-through=-lgcc_s --build-id --eh-frame-hdr -m elf_x86_64 --hash-style=gnu --as-needed -dynamic-linker /lib64/ld-linux-x86-64.so.2 -pie -z now -z relro -o cmTC_37799 /usr/lib/gcc/x86_64-linux-gnu/11/../../../x86_64-linux-gnu/Scrt1.o /usr/lib/gcc/x86_64-linux-gnu/11/../../../x86_64-linux-gnu/crti.o /usr/lib/gcc/x86_64-linux-gnu/11/crtbeginS.o -L/usr/lib/gcc/x86_64-linux-gnu/11 -L/usr/lib/gcc/x86_64-linux-gnu/11/../../../x86_64-linux-gnu -L/usr/lib/gcc/x86_64-linux-gnu/11/../../../../lib -L/lib/x86_64-linux-gnu -L/lib/../lib -L/usr/lib/x86_64-linux-gnu -L/usr/lib/../lib -L/usr/lib/gcc/x86_64-linux-gnu/11/../../.. CMakeFiles/cmTC_37799.dir/CMakeCCompilerABI.c.o -lgcc --push-state --as-needed -lgcc_s --pop-state -lc -lgcc --push-state --as-needed -lgcc_s --pop-state /usr/lib/gcc/x86_64-linux-gnu/11/crtendS.o /usr/lib/gcc/x86_64-linux-gnu/11/../../../x86_64-linux-gnu/crtn.o
COLLECT_GCC_OPTIONS='-v' '-o' 'cmTC_37799' '-mtune=generic' '-march=x86-64' '-dumpdir' 'cmTC_37799.'
gmake[1]: Leaving directory '/home/razanh/Inmind/WebRTC/ros2_bags_stream_via_webrtc/build/CMakeFiles/CMakeTmp'



Parsed C implicit include dir info from above output: rv=done
  found start of include info
  found start of implicit include info
    add: [/usr/lib/gcc/x86_64-linux-gnu/11/include]
    add: [/usr/local/include]
    add: [/usr/include/x86_64-linux-gnu]
    add: [/usr/include]
  end of search list found
  collapse include dir [/usr/lib/gcc/x86_64-linux-gnu/11/include] ==> [/usr/lib/gcc/x86_64-linux-gnu/11/include]
  collapse include dir [/usr/local/include] ==> [/usr/local/include]
  collapse include dir [/usr/include/x86_64-linux-gnu] ==> [/usr/include/x86_64-linux-gnu]
  collapse include dir [/usr/include] ==> [/usr/include]
  implicit include dirs: [/usr/lib/gcc/x86_64-linux-gnu/11/include;/usr/local/include;/usr/include/x86_64-linux-gnu;/usr/include]


Parsed C implicit link information from above output:
  link line regex: [^( *|.*[/\])(ld|CMAKE_LINK_STARTFILE-NOTFOUND|([^/\]+-)?ld|collect2)[^/\]*( |$)]
  ignore line: [Change Dir: /home/razanh/Inmind/WebRTC/ros2_bags_stream_via_webrtc/build/CMakeFiles/CMakeTmp]
  ignore line: []
  ignore line: [Run Build Command(s):/usr/bin/gmake -f Makefile cmTC_37799/fast && /usr/bin/gmake  -f CMakeFiles/cmTC_37799.dir/build.make CMakeFiles/cmTC_37799.dir/build]
  ignore line: [gmake[1]: Entering directory '/home/razanh/Inmind/WebRTC/ros2_bags_stream_via_webrtc/build/CMakeFiles/CMakeTmp']
  ignore line: [Building C object CMakeFiles/cmTC_37799.dir/CMakeCCompilerABI.c.o]
  ignore line: [/usr/bin/cc   -v -o CMakeFiles/cmTC_37799.dir/CMakeCCompilerABI.c.o -c /usr/share/cmake-3.22/Modules/CMakeCCompilerABI.c]
  ignore line: [Using built-in specs.]
  ignore line: [COLLECT_GCC=/usr/bin/cc]
  ignore line: [OFFLOAD_TARGET_NAMES=nvptx-none:amdgcn-amdhsa]
  ignore line: [OFFLOAD_TARGET_DEFAULT=1]
  ignore line: [Target: x86_64-linux-gnu]
  ignore line: [Configured with: ../src/configure -v --with-pkgversion='Ubuntu 11.4.0-1ubuntu1~22.04' --with-bugurl=file:///usr/share/doc/gcc-11/README.Bugs --enable-languages=c ada c++ go brig d fortran objc obj-c++ m2 --prefix=/usr --with-gcc-major-version-only --program-suffix=-11 --program-prefix=x86_64-linux-gnu- --enable-shared --enable-linker-build-id --libexecdir=/usr/lib --without-included-gettext --enable-threads=posix --libdir=/usr/lib --enable-nls --enable-bootstrap --enable-clocale=gnu --enable-libstdcxx-debug --enable-libstdcxx-time=yes --with-default-libstdcxx-abi=new --enable-gnu-unique-object --disable-vtable-verify --enable-plugin --enable-default-pie --with-system-zlib --enable-libphobos-checking=release --with-target-system-zlib=auto --enable-objc-gc=auto --enable-multiarch --disable-werror --enable-cet --with-arch-32=i686 --with-abi=m64 --with-multilib-list=m32 m64 mx32 --enable-multilib --with-tune=generic --enable-offload-targets=nvptx-none=/build/gcc-11-XeT9lY/gcc-11-11.4.0/debian/tmp-nvptx/usr amdgcn-amdhsa=/build/gcc-11-XeT9lY/gcc-11-11.4.0/debian/tmp-gcn/usr --without-cuda-driver --enable-checking=release --build=x86_64-linux-gnu --host=x86_64-linux-gnu --target=x86_64-linux-gnu --with-build-config=bootstrap-lto-lean --enable-link-serialization=2]
  ignore line: [Thread model: posix]
  ignore line: [Supported LTO compression algorithms: zlib zstd]
  ignore line: [gcc version 11.4.0 (Ubuntu 11.4.0-1ubuntu1~22.04) ]
  ignore line: [COLLECT_GCC_OPTIONS='-v' '-o' 'CMakeFiles/cmTC_37799.dir/CMakeCCompilerABI.c.o' '-c' '-mtune=generic' '-march=x86-64' '-dumpdir' 'CMakeFiles/cmTC_37799.dir/']
  ignore line: [ /usr/lib/gcc/x86_64-linux-gnu/11/cc1 -quiet -v -imultiarch x86_64-linux-gnu /usr/share/cmake-3.22/Modules/CMakeCCompilerABI.c -quiet -dumpdir CMakeFiles/cmTC_37799.dir/ -dumpbase CMakeCCompilerABI.c.c -dumpbase-ext .c -mtune=generic -march=x86-64 -version -fasynchronous-unwind-tables -fstack-protector-strong -Wformat -Wformat-security -fstack-clash-protection -fcf-protection -o /tmp/ccSGVaSy.s]
  ignore line: [GNU C17 (Ubuntu 11.4.0-1ubuntu1~22.04) version 11.4.0 (x86_64-linux-gnu)]
  ignore line: [	compiled by GNU C version 11.4.0  GMP version 6.2.1  MPFR version 4.1.0  MPC version 1.2.1  isl version isl-0.24-GMP]
  ignore line: []
  ignore line: [GGC heuristics: --param ggc-min-expand=100 --param ggc-min-heapsize=131072]
  ignore line: [ignoring nonexistent directory "/usr/local/include/x86_64-linux-gnu"]
  ignore line: [ignoring nonexistent directory "/usr/lib/gcc/x86_64-linux-gnu/11/include-fixed"]
  ignore line: [ignoring nonexistent directory "/usr/lib/gcc/x86_64-linux-gnu/11/../../../../x86_64-linux-gnu/include"]
  ignore line: [#include "..." search starts here:]
  ignore line: [#include <...> search starts here:]
  ignore line: [ /usr/lib/gcc/x86_64-linux-gnu/11/include]
  ignore line: [ /usr/local/include]
  ignore line: [ /usr/include/x86_64-linux-gnu]
  ignore line: [ /usr/include]
  ignore line: [End of search list.]
  ignore line: [GNU C17 (Ubuntu 11.4.0-1ubuntu1~22.04) version 11.4.0 (x86_64-linux-gnu)]
  ignore line: [	compiled by GNU C version 11.4.0  GMP version 6.2.1  MPFR version 4.1.0  MPC version 1.2.1  isl version isl-0.24-GMP]
  ignore line: []
  ignore line: [GGC heuristics: --param ggc-min-expand=100 --param ggc-min-heapsize=131072]
  ignore line: [Compiler executable checksum: 50eaa2331df977b8016186198deb2d18]
  ignore line: [COLLECT_GCC_OPTIONS='-v' '-o' 'CMakeFiles/cmTC_37799.dir/CMakeCCompilerABI.c.o' '-c' '-mtune=generic' '-march=x86-64' '-dumpdir' 'CMakeFiles/cmTC_37799.dir/']
  ignore line: [ as -v --64 -o CMakeFiles/cmTC_37799.dir/CMakeCCompilerABI.c.o /tmp/ccSGVaSy.s]
  ignore line: [GNU assembler version 2.38 (x86_64-linux-gnu) using BFD version (GNU Binutils for Ubuntu) 2.38]
  ignore line: [COMPILER_PATH=/usr/lib/gcc/x86_64-linux-gnu/11/:/usr/lib/gcc/x86_64-linux-gnu/11/:/usr/lib/gcc/x86_64-linux-gnu/:/usr/lib/gcc/x86_64-linux-gnu/11/:/usr/lib/gcc/x86_64-linux-gnu/]
  ignore line: [LIBRARY_PATH=/usr/lib/gcc/x86_64-linux-gnu/11/:/usr/lib/gcc/x86_64-linux-gnu/11/../../../x86_64-linux-gnu/:/usr/lib/gcc/x86_64-linux-gnu/11/../../../../lib/:/lib/x86_64-linux-gnu/:/lib/../lib/:/usr/lib/x86_64-linux-gnu/:/usr/lib/../lib/:/usr/lib/gcc/x86_64-linux-gnu/11/../../../:/lib/:/usr/lib/]
  ignore line: [COLLECT_GCC_OPTIONS='-v' '-o' 'CMakeFiles/cmTC_37799.dir/CMakeCCompilerABI.c.o' '-c' '-mtune=generic' '-march=x86-64' '-dumpdir' 'CMakeFiles/cmTC_37799.dir/CMakeCCompilerABI.c.']
  ignore line: [Linking C executable cmTC_37799]
  ignore line: [/usr/bin/cmake -E cmake_link_script CMakeFiles/cmTC_37799.dir/link.txt --verbose=1]
  ignore line: [/usr/bin/cc  -v CMakeFiles/cmTC_37799.dir/CMakeCCompilerABI.c.o -o cmTC_37799 ]
  ignore line: [Using built-in specs.]
  ignore line: [COLLECT_GCC=/usr/bin/cc]
  ignore line: [COLLECT_LTO_WRAPPER=/usr/lib/gcc/x86_64-linux-gnu/11/lto-wrapper]
  ignore line: [OFFLOAD_TARGET_NAMES=nvptx-none:amdgcn-amdhsa]
  ignore line: [OFFLOAD_TARGET_DEFAULT=1]
  ignore line: [Target: x86_64-linux-gnu]
  ignore line: [Configured with: ../src/configure -v --with-pkgversion='Ubuntu 11.4.0-1ubuntu1~22.04' --with-bugurl=file:///usr/share/doc/gcc-11/README.Bugs --enable-languages=c ada c++ go brig d fortran objc obj-c++ m2 --prefix=/usr --with-gcc-major-version-only --program-suffix=-11 --program-prefix=x86_64-linux-gnu- --enable-shared --enable-linker-build-id --libexecdir=/usr/lib --without-included-gettext --enable-threads=posix --libdir=/usr/lib --enable-nls --enable-bootstrap --enable-clocale=gnu --enable-libstdcxx-debug --enable-libstdcxx-time=yes --with-default-libstdcxx-abi=new --enable-gnu-unique-object --disable-vtable-verify --enable-plugin --enable-default-pie --with-system-zlib --enable-libphobos-checking=release --with-target-system-zlib=auto --enable-objc-gc=auto --enable-multiarch --disable-werror --enable-cet --with-arch-32=i686 --with-abi=m64 --with-multilib-list=m32 m64 mx32 --enable-multilib --with-tune=generic --enable-offload-targets=nvptx-none=/build/gcc-11-XeT9lY/gcc-11-11.4.0/debian/tmp-nvptx/usr amdgcn-amdhsa=/build/gcc-11-XeT9lY/gcc-11-11.4.0/debian/tmp-gcn/usr --without-cuda-driver --enable-checking=release --build=x86_64-linux-gnu --host=x86_64-linux-gnu --target=x86_64-linux-gnu --with-build-config=bootstrap-lto-lean --enable-link-serialization=2]
  ignore line: [Thread model: posix]
  ignore line: [Supported LTO compression algorithms: zlib zstd]
  ignore line: [gcc version 11.4.0 (Ubuntu 11.4.0-1ubuntu1~22.04) ]
  ignore line: [COMPILER_PATH=/usr/lib/gcc/x86_64-linux-gnu/11/:/usr/lib/gcc/x86_64-linux-gnu/11/:/usr/lib/gcc/x86_64-linux-gnu/:/usr/lib/gcc/x86_64-linux-gnu/11/:/usr/lib/gcc/x86_64-linux-gnu/]
  ignore line: [LIBRARY_PATH=/usr/lib/gcc/x86_64-linux-gnu/11/:/usr/lib/gcc/x86_64-linux-gnu/11/../../../x86_64-linux-gnu/:/usr/lib/gcc/x86_64-linux-gnu/11/../../../../lib/:/lib/x86_64-linux-gnu/:/lib/../lib/:/usr/lib/x86_64-linux-gnu/:/usr/lib/../lib/:/usr/lib/gcc/x86_64-linux-gnu/11/../../../:/lib/:/usr/lib/]
  ignore line: [COLLECT_GCC_OPTIONS='-v' '-o' 'cmTC_37799' '-mtune=generic' '-march=x86-64' '-dumpdir' 'cmTC_37799.']
  link line: [ /usr/lib/gcc/x86_64-linux-gnu/11/collect2 -plugin /usr/lib/gcc/x86_64-linux-gnu/11/liblto_plugin.so -plugin-opt=/usr/lib/gcc/x86_64-linux-gnu/11/lto-wrapper -plugin-opt=-fresolution=/tmp/cc0trlkf.res -plugin-opt=-pass-through=-lgcc -plugin-opt=-pass-through=-lgcc_s -plugin-opt=-pass-through=-lc -plugin-opt=-pass-through=-lgcc -plugin-opt=-pass-through=-lgcc_s --build-id --eh-frame-hdr -m elf_x86_64 --hash-style=gnu --as-needed -dynamic-linker /lib64/ld-linux-x86-64.so.2 -pie -z now -z relro -o cmTC_37799 /usr/lib/gcc/x86_64-linux-gnu/11/../../../x86_64-linux-gnu/Scrt1.o /usr/lib/gcc/x86_64-linux-gnu/11/../../../x86_64-linux-gnu/crti.o /usr/lib/gcc/x86_64-linux-gnu/11/crtbeginS.o -L/usr/lib/gcc/x86_64-linux-gnu/11 -L/usr/lib/gcc/x86_64-linux-gnu/11/../../../x86_64-linux-gnu -L/usr/lib/gcc/x86_64-linux-gnu/11/../../../../lib -L/lib/x86_64-linux-gnu -L/lib/../lib -L/usr/lib/x86_64-linux-gnu -L/usr/lib/../lib -L/usr/lib/gcc/x86_64-linux-gnu/11/../../.. CMakeFiles/cmTC_37799.dir/CMakeCCompilerABI.c.o -lgcc --push-state --as-needed -lgcc_s --pop-state -lc -lgcc --push-state --as-needed -lgcc_s --pop-state /usr/lib/gcc/x86_64-linux-gnu/11/crtendS.o /usr/lib/gcc/x86_64-linux-gnu/11/../../../x86_64-linux-gnu/crtn.o]
    arg [/usr/lib/gcc/x86_64-linux-gnu/11/collect2] ==> ignore
    arg [-plugin] ==> ignore
    arg [/usr/lib/gcc/x86_64-linux-gnu/11/liblto_plugin.so] ==> ignore
    arg [-plugin-opt=/usr/lib/gcc/x86_64-linux-gnu/11/lto-wrapper] ==> ignore
    arg [-plugin-opt=-fresolution=/tmp/cc0trlkf.res] ==> ignore
    arg [-plugin-opt=-pass-through=-lgcc] ==> ignore
    arg [-plugin-opt=-pass-through=-lgcc_s] ==> ignore
    arg [-plugin-opt=-pass-through=-lc] ==> ignore
    arg [-plugin-opt=-pass-through=-lgcc] ==> ignore
    arg [-plugin-opt=-pass-through=-lgcc_s] ==> ignore
    arg [--build-id] ==> ignore
    arg [--eh-frame-hdr] ==> ignore
    arg [-m] ==> ignore
    arg [elf_x86_64] ==> ignore
    arg [--hash-style=gnu] ==> ignore
    arg [--as-needed] ==> ignore
    arg [-dynamic-linker] ==> ignore
    arg [/lib64/ld-linux-x86-64.so.2] ==> ignore
    arg [-pie] ==> ignore
    arg [-znow] ==> ignore
    arg [-zrelro] ==> ignore
    arg [-o] ==> ignore
    arg [cmTC_37799] ==> ignore
    arg [/usr/lib/gcc/x86_64-linux-gnu/11/../../../x86_64-linux-gnu/Scrt1.o] ==> obj [/usr/lib/gcc/x86_64-linux-gnu/11/../../../x86_64-linux-gnu/Scrt1.o]
    arg [/usr/lib/gcc/x86_64-linux-gnu/11/../../../x86_64-linux-gnu/crti.o] ==> obj [/usr/lib/gcc/x86_64-linux-gnu/11/../../../x86_64-linux-gnu/crti.o]
    arg [/usr/lib/gcc/x86_64-linux-gnu/11/crtbeginS.o] ==> obj [/usr/lib/gcc/x86_64-linux-gnu/11/crtbeginS.o]
    arg [-L/usr/lib/gcc/x86_64-linux-gnu/11] ==> dir [/usr/lib/gcc/x86_64-linux-gnu/11]
    arg [-L/usr/lib/gcc/x86_64-linux-gnu/11/../../../x86_64-linux-gnu] ==> dir [/usr/lib/gcc/x86_64-linux-gnu/11/../../../x86_64-linux-gnu]
    arg [-L/usr/lib/gcc/x86_64-linux-gnu/11/../../../../lib] ==> dir [/usr/lib/gcc/x86_64-linux-gnu/11/../../../../lib]
    arg [-L/lib/x86_64-linux-gnu] ==> dir [/lib/x86_64-linux-gnu]
    arg [-L/lib/../lib] ==> dir [/lib/../lib]
    arg [-L/usr/lib/x86_64-linux-gnu] ==> dir [/usr/lib/x86_64-linux-gnu]
    arg [-L/usr/lib/../lib] ==> dir [/usr/lib/../lib]
    arg [-L/usr/lib/gcc/x86_64-linux-gnu/11/../../..] ==> dir [/usr/lib/gcc/x86_64-linux-gnu/11/../../..]
    arg [CMakeFiles/cmTC_37799.dir/CMakeCCompilerABI.c.o] ==> ignore
    arg [-lgcc] ==> lib [gcc]
    arg [--push-state] ==> ignore
    arg [--as-needed] ==> ignore
    arg [-lgcc_s] ==> lib [gcc_s]
    arg [--pop-state] ==> ignore
    arg [-lc] ==> lib [c]
    arg [-lgcc] ==> lib [gcc]
    arg [--push-state] ==> ignore
    arg [--as-needed] ==> ignore
    arg [-lgcc_s] ==> lib [gcc_s]
    arg [--pop-state] ==> ignore
    arg [/usr/lib/gcc/x86_64-linux-gnu/11/crtendS.o] ==> obj [/usr/lib/gcc/x86_64-linux-gnu/11/crtendS.o]
    arg [/usr/lib/gcc/x86_64-linux-gnu/11/../../../x86_64-linux-gnu/crtn.o] ==> obj [/usr/lib/gcc/x86_64-linux-gnu/11/../../../x86_64-linux-gnu/crtn.o]
  collapse obj [/usr/lib/gcc/x86_64-linux-gnu/11/../../../x86_64-linux-gnu/Scrt1.o] ==> [/usr/lib/x86_64-linux-gnu/Scrt1.o]
  collapse obj [/usr/lib/gcc/x86_64-linux-gnu/11/../../../x86_64-linux-gnu/crti.o] ==> [/usr/lib/x86_64-linux-gnu/crti.o]
  collapse obj [/usr/lib/gcc/x86_64-linux-gnu/11/../../../x86_64-linux-gnu/crtn.o] ==> [/usr/lib/x86_64-linux-gnu/crtn.o]
  collapse library dir [/usr/lib/gcc/x86_64-linux-gnu/11] ==> [/usr/lib/gcc/x86_64-linux-gnu/11]
  collapse library dir [/usr/lib/gcc/x86_64-linux-gnu/11/../../../x86_64-linux-gnu] ==> [/usr/lib/x86_64-linux-gnu]
  collapse library dir [/usr/lib/gcc/x86_64-linux-gnu/11/../../../../lib] ==> [/usr/lib]
  collapse library dir [/lib/x86_64-linux-gnu] ==> [/lib/x86_64-linux-gnu]
  collapse library dir [/lib/../lib] ==> [/lib]
  collapse library dir [/usr/lib/x86_64-linux-gnu] ==> [/usr/lib/x86_64-linux-gnu]
  collapse library dir [/usr/lib/../lib] ==> [/usr/lib]
  collapse library dir [/usr/lib/gcc/x86_64-linux-gnu/11/../../..] ==> [/usr/lib]
  implicit libs: [gcc;gcc_s;c;gcc;gcc_s]
  implicit objs: [/usr/lib/x86_64-linux-gnu/Scrt1.o;/usr/lib/x86_64-linux-gnu/crti.o;/usr/lib/gcc/x86_64-linux-gnu/11/crtbeginS.o;/usr/lib/gcc/x86_64-linux-gnu/11/crtendS.o;/usr/lib/x86_64-linux-gnu/crtn.o]
  implicit dirs: [/usr/lib/gcc/x86_64-linux-gnu/11;/usr/lib/x86_64-linux-gnu;/usr/lib;/lib/x86_64-linux-gnu;/lib]
  implicit fwks: []


Detecting CXX compiler ABI info compiled with the following output:
Change Dir: /home/razanh/Inmind/WebRTC/ros2_bags_stream_via_webrtc/build/CMakeFiles/CMakeTmp

Run Build Command(s):/usr/bin/gmake -f Makefile cmTC_9fc03/fast && /usr/bin/gmake  -f CMakeFiles/cmTC_9fc03.dir/build.make CMakeFiles/cmTC_9fc03.dir/build
gmake[1]: Entering directory '/home/razanh/Inmind/WebRTC/ros2_bags_stream_via_webrtc/build/CMakeFiles/CMakeTmp'
Building CXX object CMakeFiles/cmTC_9fc03.dir/CMakeCXXCompilerABI.cpp.o
/usr/bin/c++   -v -o CMakeFiles/cmTC_9fc03.dir/CMakeCXXCompilerABI.cpp.o -c /usr/share/cmake-3.22/Modules/CMakeCXXCompilerABI.cpp
Using built-in specs.
COLLECT_GCC=/usr/bin/c++
OFFLOAD_TARGET_NAMES=nvptx-none:amdgcn-amdhsa
OFFLOAD_TARGET_DEFAULT=1
Target: x86_64-linux-gnu
Configured with: ../src/configure -v --with-pkgversion='Ubuntu 11.4.0-1ubuntu1~22.04' --with-bugurl=file:///usr/share/doc/gcc-11/README.Bugs --enable-languages=c,ada,c++,go,brig,d,fortran,objc,obj-c++,m2 --prefix=/usr --with-gcc-major-version-only --program-suffix=-11 --program-prefix=x86_64-linux-gnu- --enable-shared --enable-linker-build-id --libexecdir=/usr/lib --without-included-gettext --enable-threads=posix --libdir=/usr/lib --enable-nls --enable-bootstrap --enable-clocale=gnu --enable-libstdcxx-debug --enable-libstdcxx-time=yes --with-default-libstdcxx-abi=new --enable-gnu-unique-object --disable-vtable-verify --enable-plugin --enable-default-pie --with-system-zlib --enable-libphobos-checking=release --with-target-system-zlib=auto --enable-objc-gc=auto --enable-multiarch --disable-werror --enable-cet --with-arch-32=i686 --with-abi=m64 --with-multilib-list=m32,m64,mx32 --enable-multilib --with-tune=generic --enable-offload-targets=nvptx-none=/build/gcc-11-XeT9lY/gcc-11-11.4.0/debian/tmp-nvptx/usr,amdgcn-amdhsa=/build/gcc-11-XeT9lY/gcc-11-11.4.0/debian/tmp-gcn/usr --without-cuda-driver --enable-checking=release --build=x86_64-linux-gnu --host=x86_64-linux-gnu --target=x86_64-linux-gnu --with-build-config=bootstrap-lto-lean --enable-link-serialization=2
Thread model: posix
Supported LTO compression algorithms: zlib zstd
gcc version 11.4.0 (Ubuntu 11.4.0-1ubuntu1~22.04) 
COLLECT_GCC_OPTIONS='-v' '-o' 'CMakeFiles/cmTC_9fc03.dir/CMakeCXXCompilerABI.cpp.o' '-c' '-shared-libgcc' '-mtune=generic' '-march=x86-64' '-dumpdir' 'CMakeFiles/cmTC_9fc03.dir/'
 /usr/lib/gcc/x86_64-linux-gnu/11/cc1plus -quiet -v -imultiarch x86_64-linux-gnu -D_GNU_SOURCE /usr/share/cmake-3.22/Modules/CMakeCXXCompilerABI.cpp -quiet -dumpdir CMakeFiles/cmTC_9fc03.dir/ -dumpbase CMakeCXXCompilerABI.cpp.cpp -dumpbase-ext .cpp -mtune=generic -march=x86-64 -version -fasynchronous-unwind-tables -fstack-protector-strong -Wformat -Wformat-security -fstack-clash-protection -fcf-protection -o /tmp/ccQdxMPg.s
GNU C++17 (Ubuntu 11.4.0-1ubuntu1~22.04) version 11.4.0 (x86_64-linux-gnu)
	compiled by GNU C version 11.4.0, GMP version 6.2.1, MPFR version 4.1.0, MPC version 1.2.1, isl version isl-0.24-GMP

GGC heuristics: --param ggc-min-expand=100 --param ggc-min-heapsize=131072
ignoring duplicate directory "/usr/include/x86_64-linux-gnu/c++/11"
ignoring nonexistent directory "/usr/local/include/x86_64-linux-gnu"
ignoring nonexistent directory "/usr/lib/gcc/x86_64-linux-gnu/11/include-fixed"
ignoring nonexistent directory "/usr/lib/gcc/x86_64-linux-gnu/11/../../../../x86_64-linux-gnu/include"
#include "..." search starts here:
#include <...> search starts here:
 /usr/include/c++/11
 /usr/include/x86_64-linux-gnu/c++/11
 /usr/include/c++/11/backward
 /usr/lib/gcc/x86_64-linux-gnu/11/include
 /usr/local/include
 /usr/include/x86_64-linux-gnu
 /usr/include
End of search list.
GNU C++17 (Ubuntu 11.4.0-1ubuntu1~22.04) version 11.4.0 (x86_64-linux-gnu)
	compiled by GNU C version 11.4.0, GMP version 6.2.1, MPFR version 4.1.0, MPC version 1.2.1, isl version isl-0.24-GMP

GGC heuristics: --param ggc-min-expand=100 --param ggc-min-heapsize=131072
Compiler executable checksum: d591828bb4d392ae8b7b160e5bb0b95f
COLLECT_GCC_OPTIONS='-v' '-o' 'CMakeFiles/cmTC_9fc03.dir/CMakeCXXCompilerABI.cpp.o' '-c' '-shared-libgcc' '-mtune=generic' '-march=x86-64' '-dumpdir' 'CMakeFiles/cmTC_9fc03.dir/'
 as -v --64 -o CMakeFiles/cmTC_9fc03.dir/CMakeCXXCompilerABI.cpp.o /tmp/ccQdxMPg.s
GNU assembler version 2.38 (x86_64-linux-gnu) using BFD version (GNU Binutils for Ubuntu) 2.38
COMPILER_PATH=/usr/lib/gcc/x86_64-linux-gnu/11/:/usr/lib/gcc/x86_64-linux-gnu/11/:/usr/lib/gcc/x86_64-linux-gnu/:/usr/lib/gcc/x86_64-linux-gnu/11/:/usr/lib/gcc/x86_64-linux-gnu/
LIBRARY_PATH=/usr/lib/gcc/x86_64-linux-gnu/11/:/usr/lib/gcc/x86_64-linux-gnu/11/../../../x86_64-linux-gnu/:/usr/lib/gcc/x86_64-linux-gnu/11/../../../../lib/:/lib/x86_64-linux-gnu/:/lib/../lib/:/usr/lib/x86_64-linux-gnu/:/usr/lib/../lib/:/usr/lib/gcc/x86_64-linux-gnu/11/../../../:/lib/:/usr/lib/
COLLECT_GCC_OPTIONS='-v' '-o' 'CMakeFiles/cmTC_9fc03.dir/CMakeCXXCompilerABI.cpp.o' '-c' '-shared-libgcc' '-mtune=generic' '-march=x86-64' '-dumpdir' 'CMakeFiles/cmTC_9fc03.dir/CMakeCXXCompilerABI.cpp.'
Linking CXX executable cmTC_9fc03
/usr/bin/cmake -E cmake_link_script CMakeFiles/cmTC_9fc03.dir/link.txt --verbose=1
/usr/bin/c++  -v CMakeFiles/cmTC_9fc03.dir/CMakeCXXCompilerABI.cpp.o -o cmTC_9fc03 
Using built-in specs.
COLLECT_GCC=/usr/bin/c++
COLLECT_LTO_WRAPPER=/usr/lib/gcc/x86_64-linux-gnu/11/lto-wrapper
OFFLOAD_TARGET_NAMES=nvptx-none:amdgcn-amdhsa
OFFLOAD_TARGET_DEFAULT=1
Target: x86_64-linux-gnu
Configured with: ../src/configure -v --with-pkgversion='Ubuntu 11.4.0-1ubuntu1~22.04' --with-bugurl=file:///usr/share/doc/gcc-11/README.Bugs --enable-languages=c,ada,c++,go,brig,d,fortran,objc,obj-c++,m2 --prefix=/usr --with-gcc-major-version-only --program-suffix=-11 --program-prefix=x86_64-linux-gnu- --enable-shared --enable-linker-build-id --libexecdir=/usr/lib --without-included-gettext --enable-threads=posix --libdir=/usr/lib --enable-nls --enable-bootstrap --enable-clocale=gnu --enable-libstdcxx-debug --enable-libstdcxx-time=yes --with-default-libstdcxx-abi=new --enable-gnu-unique-object --disable-vtable-verify --enable-plugin --enable-default-pie --with-system-zlib --enable-libphobos-checking=release --with-target-system-zlib=auto --enable-objc-gc=auto --enable-multiarch --disable-werror --enable-cet --with-arch-32=i686 --with-abi=m64 --with-multilib-list=m32,m64,mx32 --enable-multilib --with-tune=generic --enable-offload-targets=nvptx-none=/build/gcc-11-XeT9lY/gcc-11-11.4.0/debian/tmp-nvptx/usr,amdgcn-amdhsa=/build/gcc-11-XeT9lY/gcc-11-11.4.0/debian/tmp-gcn/usr --without-cuda-driver --enable-checking=release --build=x86_64-linux-gnu --host=x86_64-linux-gnu --target=x86_64-linux-gnu --with-build-config=bootstrap-lto-lean --enable-link-serialization=2
Thread model: posix
Supported LTO compression algorithms: zlib zstd
gcc version 11.4.0 (Ubuntu 11.4.0-1ubuntu1~22.04) 
COMPILER_PATH=/usr/lib/gcc/x86_64-linux-gnu/11/:/usr/lib/gcc/x86_64-linux-gnu/11/:/usr/lib/gcc/x86_64-linux-gnu/:/usr/lib/gcc/x86_64-linux-gnu/11/:/usr/lib/gcc/x86_64-linux-gnu/
LIBRARY_PATH=/usr/lib/gcc/x86_64-linux-gnu/11/:/usr/lib/gcc/x86_64-linux-gnu/11/../../../x86_64-linux-gnu/:/usr/lib/gcc/x86_64-linux-gnu/11/../../../../lib/:/lib/x86_64-linux-gnu/:/lib/../lib/:/usr/lib/x86_64-linux-gnu/:/usr/lib/../lib/:/usr/lib/gcc/x86_64-linux-gnu/11/../../../:/lib/:/usr/lib/
COLLECT_GCC_OPTIONS='-v' '-o' 'cmTC_9fc03' '-shared-libgcc' '-mtune=generic' '-march=x86-64' '-dumpdir' 'cmTC_9fc03.'
 /usr/lib/gcc/x86_64-linux-gnu/11/collect2 -plugin /usr/lib/gcc/x86_64-linux-gnu/11/liblto_plugin.so -plugin-opt=/usr/lib/gcc/x86_64-linux-gnu/11/lto-wrapper -plugin-opt=-fresolution=/tmp/cc7vZ39s.res -plugin-opt=-pass-through=-lgcc_s -plugin-opt=-pass-through=-lgcc -plugin-opt=-pass-through=-lc -plugin-opt=-pass-through=-lgcc_s -plugin-opt=-pass-through=-lgcc --build-id --eh-frame-hdr -m elf_x86_64 --hash-style=gnu --as-needed -dynamic-linker /lib64/ld-linux-x86-64.so.2 -pie -z now -z relro -o cmTC_9fc03 /usr/lib/gcc/x86_64-linux-gnu/11/../../../x86_64-linux-gnu/Scrt1.o /usr/lib/gcc/x86_64-linux-gnu/11/../../../x86_64-linux-gnu/crti.o /usr/lib/gcc/x86_64-linux-gnu/11/crtbeginS.o -L/usr/lib/gcc/x86_64-linux-gnu/11 -L/usr/lib/gcc/x86_64-linux-gnu/11/../../../x86_64-linux-gnu -L/usr/lib/gcc/x86_64-linux-gnu/11/../../../../lib -L/lib/x86_64-linux-gnu -L/lib/../lib -L/usr/lib/x86_64-linux-gnu -L/usr/lib/../lib -L/usr/lib/gcc/x86_64-linux-gnu/11/../../.. CMakeFiles/cmTC_9fc03.dir/CMakeCXXCompilerABI.cpp.o -lstdc++ -lm -lgcc_s -lgcc -lc -lgcc_s -lgcc /usr/lib/gcc/x86_64-linux-gnu/11/crtendS.o /usr/lib/gcc/x86_64-linux-gnu/11/../../../x86_64-linux-gnu/crtn.o
COLLECT_GCC_OPTIONS='-v' '-o' 'cmTC_9fc03' '-shared-libgcc' '-mtune=generic' '-march=x86-64' '-dumpdir' 'cmTC_9fc03.'
gmake[1]: Leaving directory '/home/razanh/Inmind/WebRTC/ros2_bags_stream_via_webrtc/build/CMakeFiles/CMakeTmp'



Parsed CXX implicit include dir info from above output: rv=done
  found start of include info
  found start of implicit include info
    add: [/usr/include/c++/11]
    add: [/usr/include/x86_64-linux-gnu/c++/11]
    add: [/usr/include/c++/11/backward]
    add: [/usr/lib/gcc/x86_64-linux-gnu/11/include]
    add: [/usr/local/include]
    add: [/usr/include/x86_64-linux-gnu]
    add: [/usr/include]
  end of search list found
  collapse include dir [/usr/include/c++/11] ==> [/usr/include/c++/11]
  collapse include dir [/usr/include/x86_64-linux-gnu/c++/11] ==> [/usr/include/x86_64-linux-gnu/c++/11]
  collapse include dir [/usr/include/c++/11/backward] ==> [/usr/include/c++/11/backward]
  collapse include dir [/usr/lib/gcc/x86_64-linux-gnu/11/include] ==> [/usr/lib/gcc/x86_64-linux-gnu/11/include]
  collapse include dir [/usr/local/include] ==> [/usr/local/include]
  collapse include dir [/usr/include/x86_64-linux-gnu] ==> [/usr/include/x86_64-linux-gnu]
  collapse include dir [/usr/include] ==> [/usr/include]
  implicit include dirs: [/usr/include/c++/11;/usr/include/x86_64-linux-gnu/c++/11;/usr/include/c++/11/backward;/usr/lib/gcc/x86_64-linux-gnu/11/include;/usr/local/include;/usr/include/x86_64-linux-gnu;/usr/include]


Parsed CXX implicit link information from above output:
  link line regex: [^( *|.*[/\])(ld|CMAKE_LINK_STARTFILE-NOTFOUND|([^/\]+-)?ld|collect2)[^/\]*( |$)]
  ignore line: [Change Dir: /home/razanh/Inmind/WebRTC/ros2_bags_stream_via_webrtc/build/CMakeFiles/CMakeTmp]
  ignore line: []
  ignore line: [Run Build Command(s):/usr/bin/gmake -f Makefile cmTC_9fc03/fast && /usr/bin/gmake  -f CMakeFiles/cmTC_9fc03.dir/build.make CMakeFiles/cmTC_9fc03.dir/build]
  ignore line: [gmake[1]: Entering directory '/home/razanh/Inmind/WebRTC/ros2_bags_stream_via_webrtc/build/CMakeFiles/CMakeTmp']
  ignore line: [Building CXX object CMakeFiles/cmTC_9fc03.dir/CMakeCXXCompilerABI.cpp.o]
  ignore line: [/usr/bin/c++   -v -o CMakeFiles/cmTC_9fc03.dir/CMakeCXXCompilerABI.cpp.o -c /usr/share/cmake-3.22/Modules/CMakeCXXCompilerABI.cpp]
  ignore line: [Using built-in specs.]
  ignore line: [COLLECT_GCC=/usr/bin/c++]
  ignore line: [OFFLOAD_TARGET_NAMES=nvptx-none:amdgcn-amdhsa]
  ignore line: [OFFLOAD_TARGET_DEFAULT=1]
  ignore line: [Target: x86_64-linux-gnu]
  ignore line: [Configured with: ../src/configure -v --with-pkgversion='Ubuntu 11.4.0-1ubuntu1~22.04' --with-bugurl=file:///usr/share/doc/gcc-11/README.Bugs --enable-languages=c ada c++ go brig d fortran objc obj-c++ m2 --prefix=/usr --with-gcc-major-version-only --program-suffix=-11 --program-prefix=x86_64-linux-gnu- --enable-shared --enable-linker-build-id --libexecdir=/usr/lib --without-included-gettext --enable-threads=posix --libdir=/usr/lib --enable-nls --enable-bootstrap --enable-clocale=gnu --enable-libstdcxx-debug --enable-libstdcxx-time=yes --with-default-libstdcxx-abi=new --enable-gnu-unique-object --disable-vtable-verify --enable-plugin --enable-default-pie --with-system-zlib --enable-libphobos-checking=release --with-target-system-zlib=auto --enable-objc-gc=auto --enable-multiarch --disable-werror --enable-cet --with-arch-32=i686 --with-abi=m64 --with-multilib-list=m32 m64 mx32 --enable-multilib --with-tune=generic --enable-offload-targets=nvptx-none=/build/gcc-11-XeT9lY/gcc-11-11.4.0/debian/tmp-nvptx/usr amdgcn-amdhsa=/build/gcc-11-XeT9lY/gcc-11-11.4.0/debian/tmp-gcn/usr --without-cuda-driver --enable-checking=release --build=x86_64-linux-gnu --host=x86_64-linux-gnu --target=x86_64-linux-gnu --with-build-config=bootstrap-lto-lean --enable-link-serialization=2]
  ignore line: [Thread model: posix]
  ignore line: [Supported LTO compression algorithms: zlib zstd]
  ignore line: [gcc version 11.4.0 (Ubuntu 11.4.0-1ubuntu1~22.04) ]
  ignore line: [COLLECT_GCC_OPTIONS='-v' '-o' 'CMakeFiles/cmTC_9fc03.dir/CMakeCXXCompilerABI.cpp.o' '-c' '-shared-libgcc' '-mtune=generic' '-march=x86-64' '-dumpdir' 'CMakeFiles/cmTC_9fc03.dir/']
  ignore line: [ /usr/lib/gcc/x86_64-linux-gnu/11/cc1plus -quiet -v -imultiarch x86_64-linux-gnu -D_GNU_SOURCE /usr/share/cmake-3.22/Modules/CMakeCXXCompilerABI.cpp -quiet -dumpdir CMakeFiles/cmTC_9fc03.dir/ -dumpbase CMakeCXXCompilerABI.cpp.cpp -dumpbase-ext .cpp -mtune=generic -march=x86-64 -version -fasynchronous-unwind-tables -fstack-protector-strong -Wformat -Wformat-security -fstack-clash-protection -fcf-protection -o /tmp/ccQdxMPg.s]
  ignore line: [GNU C++17 (Ubuntu 11.4.0-1ubuntu1~22.04) version 11.4.0 (x86_64-linux-gnu)]
  ignore line: [	compiled by GNU C version 11.4.0  GMP version 6.2.1  MPFR version 4.1.0  MPC version 1.2.1  isl version isl-0.24-GMP]
  ignore line: []
  ignore line: [GGC heuristics: --param ggc-min-expand=100 --param ggc-min-heapsize=131072]
  ignore line: [ignoring duplicate directory "/usr/include/x86_64-linux-gnu/c++/11"]
  ignore line: [ignoring nonexistent directory "/usr/local/include/x86_64-linux-gnu"]
  ignore line: [ignoring nonexistent directory "/usr/lib/gcc/x86_64-linux-gnu/11/include-fixed"]
  ignore line: [ignoring nonexistent directory "/usr/lib/gcc/x86_64-linux-gnu/11/../../../../x86_64-linux-gnu/include"]
  ignore line: [#include "..." search starts here:]
  ignore line: [#include <...> search starts here:]
  ignore line: [ /usr/include/c++/11]
  ignore line: [ /usr/include/x86_64-linux-gnu/c++/11]
  ignore line: [ /usr/include/c++/11/backward]
  ignore line: [ /usr/lib/gcc/x86_64-linux-gnu/11/include]
  ignore line: [ /usr/local/include]
  ignore line: [ /usr/include/x86_64-linux-gnu]
  ignore line: [ /usr/include]
  ignore line: [End of search list.]
  ignore line: [GNU C++17 (Ubuntu 11.4.0-1ubuntu1~22.04) version 11.4.0 (x86_64-linux-gnu)]
  ignore line: [	compiled by GNU C version 11.4.0  GMP version 6.2.1  MPFR version 4.1.0  MPC version 1.2.1  isl version isl-0.24-GMP]
  ignore line: []
  ignore line: [GGC heuristics: --param ggc-min-expand=100 --param ggc-min-heapsize=131072]
  ignore line: [Compiler executable checksum: d591828bb4d392ae8b7b160e5bb0b95f]
  ignore line: [COLLECT_GCC_OPTIONS='-v' '-o' 'CMakeFiles/cmTC_9fc03.dir/CMakeCXXCompilerABI.cpp.o' '-c' '-shared-libgcc' '-mtune=generic' '-march=x86-64' '-dumpdir' 'CMakeFiles/cmTC_9fc03.dir/']
  ignore line: [ as -v --64 -o CMakeFiles/cmTC_9fc03.dir/CMakeCXXCompilerABI.cpp.o /tmp/ccQdxMPg.s]
  ignore line: [GNU assembler version 2.38 (x86_64-linux-gnu) using BFD version (GNU Binutils for Ubuntu) 2.38]
  ignore line: [COMPILER_PATH=/usr/lib/gcc/x86_64-linux-gnu/11/:/usr/lib/gcc/x86_64-linux-gnu/11/:/usr/lib/gcc/x86_64-linux-gnu/:/usr/lib/gcc/x86_64-linux-gnu/11/:/usr/lib/gcc/x86_64-linux-gnu/]
  ignore line: [LIBRARY_PATH=/usr/lib/gcc/x86_64-linux-gnu/11/:/usr/lib/gcc/x86_64-linux-gnu/11/../../../x86_64-linux-gnu/:/usr/lib/gcc/x86_64-linux-gnu/11/../../../../lib/:/lib/x86_64-linux-gnu/:/lib/../lib/:/usr/lib/x86_64-linux-gnu/:/usr/lib/../lib/:/usr/lib/gcc/x86_64-linux-gnu/11/../../../:/lib/:/usr/lib/]
  ignore line: [COLLECT_GCC_OPTIONS='-v' '-o' 'CMakeFiles/cmTC_9fc03.dir/CMakeCXXCompilerABI.cpp.o' '-c' '-shared-libgcc' '-mtune=generic' '-march=x86-64' '-dumpdir' 'CMakeFiles/cmTC_9fc03.dir/CMakeCXXCompilerABI.cpp.']
  ignore line: [Linking CXX executable cmTC_9fc03]
  ignore line: [/usr/bin/cmake -E cmake_link_script CMakeFiles/cmTC_9fc03.dir/link.txt --verbose=1]
  ignore line: [/usr/bin/c++  -v CMakeFiles/cmTC_9fc03.dir/CMakeCXXCompilerABI.cpp.o -o cmTC_9fc03 ]
  ignore line: [Using built-in specs.]
  ignore line: [COLLECT_GCC=/usr/bin/c++]
  ignore line: [COLLECT_LTO_WRAPPER=/usr/lib/gcc/x86_64-linux-gnu/11/lto-wrapper]
  ignore line: [OFFLOAD_TARGET_NAMES=nvptx-none:amdgcn-amdhsa]
  ignore line: [OFFLOAD_TARGET_DEFAULT=1]
  ignore line: [Target: x86_64-linux-gnu]
  ignore line: [Configured with: ../src/configure -v --with-pkgversion='Ubuntu 11.4.0-1ubuntu1~22.04' --with-bugurl=file:///usr/share/doc/gcc-11/README.Bugs --enable-languages=c ada c++ go brig d fortran objc obj-c++ m2 --prefix=/usr --with-gcc-major-version-only --program-suffix=-11 --program-prefix=x86_64-linux-gnu- --enable-shared --enable-linker-build-id --libexecdir=/usr/lib --without-included-gettext --enable-threads=posix --libdir=/usr/lib --enable-nls --enable-bootstrap --enable-clocale=gnu --enable-libstdcxx-debug --enable-libstdcxx-time=yes --with-default-libstdcxx-abi=new --enable-gnu-unique-object --disable-vtable-verify --enable-plugin --enable-default-pie --with-system-zlib --enable-libphobos-checking=release --with-target-system-zlib=auto --enable-objc-gc=auto --enable-multiarch --disable-werror --enable-cet --with-arch-32=i686 --with-abi=m64 --with-multilib-list=m32 m64 mx32 --enable-multilib --with-tune=generic --enable-offload-targets=nvptx-none=/build/gcc-11-XeT9lY/gcc-11-11.4.0/debian/tmp-nvptx/usr amdgcn-amdhsa=/build/gcc-11-XeT9lY/gcc-11-11.4.0/debian/tmp-gcn/usr --without-cuda-driver --enable-checking=release --build=x86_64-linux-gnu --host=x86_64-linux-gnu --target=x86_64-linux-gnu --with-build-config=bootstrap-lto-lean --enable-link-serialization=2]
  ignore line: [Thread model: posix]
  ignore line: [Supported LTO compression algorithms: zlib zstd]
  ignore line: [gcc version 11.4.0 (Ubuntu 11.4.0-1ubuntu1~22.04) ]
  ignore line: [COMPILER_PATH=/usr/lib/gcc/x86_64-linux-gnu/11/:/usr/lib/gcc/x86_64-linux-gnu/11/:/usr/lib/gcc/x86_64-linux-gnu/:/usr/lib/gcc/x86_64-linux-gnu/11/:/usr/lib/gcc/x86_64-linux-gnu/]
  ignore line: [LIBRARY_PATH=/usr/lib/gcc/x86_64-linux-gnu/11/:/usr/lib/gcc/x86_64-linux-gnu/11/../../../x86_64-linux-gnu/:/usr/lib/gcc/x86_64-linux-gnu/11/../../../../lib/:/lib/x86_64-linux-gnu/:/lib/../lib/:/usr/lib/x86_64-linux-gnu/:/usr/lib/../lib/:/usr/lib/gcc/x86_64-linux-gnu/11/../../../:/lib/:/usr/lib/]
  ignore line: [COLLECT_GCC_OPTIONS='-v' '-o' 'cmTC_9fc03' '-shared-libgcc' '-mtune=generic' '-march=x86-64' '-dumpdir' 'cmTC_9fc03.']
  link line: [ /usr/lib/gcc/x86_64-linux-gnu/11/collect2 -plugin /usr/lib/gcc/x86_64-linux-gnu/11/liblto_plugin.so -plugin-opt=/usr/lib/gcc/x86_64-linux-gnu/11/lto-wrapper -plugin-opt=-fresolution=/tmp/cc7vZ39s.res -plugin-opt=-pass-through=-lgcc_s -plugin-opt=-pass-through=-lgcc -plugin-opt=-pass-through=-lc -plugin-opt=-pass-through=-lgcc_s -plugin-opt=-pass-through=-lgcc --build-id --eh-frame-hdr -m elf_x86_64 --hash-style=gnu --as-needed -dynamic-linker /lib64/ld-linux-x86-64.so.2 -pie -z now -z relro -o cmTC_9fc03 /usr/lib/gcc/x86_64-linux-gnu/11/../../../x86_64-linux-gnu/Scrt1.o /usr/lib/gcc/x86_64-linux-gnu/11/../../../x86_64-linux-gnu/crti.o /usr/lib/gcc/x86_64-linux-gnu/11/crtbeginS.o -L/usr/lib/gcc/x86_64-linux-gnu/11 -L/usr/lib/gcc/x86_64-linux-gnu/11/../../../x86_64-linux-gnu -L/usr/lib/gcc/x86_64-linux-gnu/11/../../../../lib -L/lib/x86_64-linux-gnu -L/lib/../lib -L/usr/lib/x86_64-linux-gnu -L/usr/lib/../lib -L/usr/lib/gcc/x86_64-linux-gnu/11/../../.. CMakeFiles/cmTC_9fc03.dir/CMakeCXXCompilerABI.cpp.o -lstdc++ -lm -lgcc_s -lgcc -lc -lgcc_s -lgcc /usr/lib/gcc/x86_64-linux-gnu/11/crtendS.o /usr/lib/gcc/x86_64-linux-gnu/11/../../../x86_64-linux-gnu/crtn.o]
    arg [/usr/lib/gcc/x86_64-linux-gnu/11/collect2] ==> ignore
    arg [-plugin] ==> ignore
    arg [/usr/lib/gcc/x86_64-linux-gnu/11/liblto_plugin.so] ==> ignore
    arg [-plugin-opt=/usr/lib/gcc/x86_64-linux-gnu/11/lto-wrapper] ==> ignore
    arg [-plugin-opt=-fresolution=/tmp/cc7vZ39s.res] ==> ignore
    arg [-plugin-opt=-pass-through=-lgcc_s] ==> ignore
    arg [-plugin-opt=-pass-through=-lgcc] ==> ignore
    arg [-plugin-opt=-pass-through=-lc] ==> ignore
    arg [-plugin-opt=-pass-through=-lgcc_s] ==> ignore
    arg [-plugin-opt=-pass-through=-lgcc] ==> ignore
    arg [--build-id] ==> ignore
    arg [--eh-frame-hdr] ==> ignore
    arg [-m] ==> ignore
    arg [elf_x86_64] ==> ignore
    arg [--hash-style=gnu] ==> ignore
    arg [--as-needed] ==> ignore
    arg [-dynamic-linker] ==> ignore
    arg [/lib64/ld-linux-x86-64.so.2] ==> ignore
    arg [-pie] ==> ignore
    arg [-znow] ==> ignore
    arg [-zrelro] ==> ignore
    arg [-o] ==> ignore
    arg [cmTC_9fc03] ==> ignore
    arg [/usr/lib/gcc/x86_64-linux-gnu/11/../../../x86_64-linux-gnu/Scrt1.o] ==> obj [/usr/lib/gcc/x86_64-linux-gnu/11/../../../x86_64-linux-gnu/Scrt1.o]
    arg [/usr/lib/gcc/x86_64-linux-gnu/11/../../../x86_64-linux-gnu/crti.o] ==> obj [/usr/lib/gcc/x86_64-linux-gnu/11/../../../x86_64-linux-gnu/crti.o]
    arg [/usr/lib/gcc/x86_64-linux-gnu/11/crtbeginS.o] ==> obj [/usr/lib/gcc/x86_64-linux-gnu/11/crtbeginS.o]
    arg [-L/usr/lib/gcc/x86_64-linux-gnu/11] ==> dir [/usr/lib/gcc/x86_64-linux-gnu/11]
    arg [-L/usr/lib/gcc/x86_64-linux-gnu/11/../../../x86_64-linux-gnu] ==> dir [/usr/lib/gcc/x86_64-linux-gnu/11/../../../x86_64-linux-gnu]
    arg [-L/usr/lib/gcc/x86_64-linux-gnu/11/../../../../lib] ==> dir [/usr/lib/gcc/x86_64-linux-gnu/11/../../../../lib]
    arg [-L/lib/x86_64-linux-gnu] ==> dir [/lib/x86_64-linux-gnu]
    arg [-L/lib/../lib] ==> dir [/lib/../lib]
    arg [-L/usr/lib/x86_64-linux-gnu] ==> dir [/usr/lib/x86_64-linux-gnu]
    arg [-L/usr/lib/../lib] ==> dir [/usr/lib/../lib]
    arg [-L/usr/lib/gcc/x86_64-linux-gnu/11/../../..] ==> dir [/usr/lib/gcc/x86_64-linux-gnu/11/../../..]
    arg [CMakeFiles/cmTC_9fc03.dir/CMakeCXXCompilerABI.cpp.o] ==> ignore
    arg [-lstdc++] ==> lib [stdc++]
    arg [-lm] ==> lib [m]
    arg [-lgcc_s] ==> lib [gcc_s]
    arg [-lgcc] ==> lib [gcc]
    arg [-lc] ==> lib [c]
    arg [-lgcc_s] ==> lib [gcc_s]
    arg [-lgcc] ==> lib [gcc]
    arg [/usr/lib/gcc/x86_64-linux-gnu/11/crtendS.o] ==> obj [/usr/lib/gcc/x86_64-linux-gnu/11/crtendS.o]
    arg [/usr/lib/gcc/x86_64-linux-gnu/11/../../../x86_64-linux-gnu/crtn.o] ==> obj [/usr/lib/gcc/x86_64-linux-gnu/11/../../../x86_64-linux-gnu/crtn.o]
  collapse obj [/usr/lib/gcc/x86_64-linux-gnu/11/../../../x86_64-linux-gnu/Scrt1.o] ==> [/usr/lib/x86_64-linux-gnu/Scrt1.o]
  collapse obj [/usr/lib/gcc/x86_64-linux-gnu/11/../../../x86_64-linux-gnu/crti.o] ==> [/usr/lib/x86_64-linux-gnu/crti.o]
  collapse obj [/usr/lib/gcc/x86_64-linux-gnu/11/../../../x86_64-linux-gnu/crtn.o] ==> [/usr/lib/x86_64-linux-gnu/crtn.o]
  collapse library dir [/usr/lib/gcc/x86_64-linux-gnu/11] ==> [/usr/lib/gcc/x86_64-linux-gnu/11]
  collapse library dir [/usr/lib/gcc/x86_64-linux-gnu/11/../../../x86_64-linux-gnu] ==> [/usr/lib/x86_64-linux-gnu]
  collapse library dir [/usr/lib/gcc/x86_64-linux-gnu/11/../../../../lib] ==> [/usr/lib]
  collapse library dir [/lib/x86_64-linux-gnu] ==> [/lib/x86_64-linux-gnu]
  collapse library dir [/lib/../lib] ==> [/lib]
  collapse library dir [/usr/lib/x86_64-linux-gnu] ==> [/usr/lib/x86_64-linux-gnu]
  collapse library dir [/usr/lib/../lib] ==> [/usr/lib]
  collapse library dir [/usr/lib/gcc/x86_64-linux-gnu/11/../../..] ==> [/usr/lib]
  implicit libs: [stdc++;m;gcc_s;gcc;c;gcc_s;gcc]
  implicit objs: [/usr/lib/x86_64-linux-gnu/Scrt1.o;/usr/lib/x86_64-linux-gnu/crti.o;/usr/lib/gcc/x86_64-linux-gnu/11/crtbeginS.o;/usr/lib/gcc/x86_64-linux-gnu/11/crtendS.o;/usr/lib/x86_64-linux-gnu/crtn.o]
  implicit dirs: [/usr/lib/gcc/x86_64-linux-gnu/11;/usr/lib/x86_64-linux-gnu;/usr/lib;/lib/x86_64-linux-gnu;/lib]
  implicit fwks: []


Performing C++ SOURCE FILE Test HAS_FLTO succeeded with the following output:
Change Dir: /home/razanh/Inmind/WebRTC/ros2_bags_stream_via_webrtc/build/CMakeFiles/CMakeTmp

Run Build Command(s):/usr/bin/gmake -f Makefile cmTC_0445a/fast && /usr/bin/gmake  -f CMakeFiles/cmTC_0445a.dir/build.make CMakeFiles/cmTC_0445a.dir/build
gmake[1]: Entering directory '/home/razanh/Inmind/WebRTC/ros2_bags_stream_via_webrtc/build/CMakeFiles/CMakeTmp'
Building CXX object CMakeFiles/cmTC_0445a.dir/src.cxx.o
/usr/bin/c++ -DHAS_FLTO  -fPIC    -flto -fno-fat-lto-objects -o CMakeFiles/cmTC_0445a.dir/src.cxx.o -c /home/razanh/Inmind/WebRTC/ros2_bags_stream_via_webrtc/build/CMakeFiles/CMakeTmp/src.cxx
Linking CXX executable cmTC_0445a
/usr/bin/cmake -E cmake_link_script CMakeFiles/cmTC_0445a.dir/link.txt --verbose=1
/usr/bin/c++ -fPIC  CMakeFiles/cmTC_0445a.dir/src.cxx.o -o cmTC_0445a  -flto 
gmake[1]: Leaving directory '/home/razanh/Inmind/WebRTC/ros2_bags_stream_via_webrtc/build/CMakeFiles/CMakeTmp'


Source file was:
int main() { return 0; }
Determining if the include file pthread.h exists passed with the following output:
Change Dir: /home/razanh/Inmind/WebRTC/ros2_bags_stream_via_webrtc/build/CMakeFiles/CMakeTmp

Run Build Command(s):/usr/bin/gmake -f Makefile cmTC_bdecf/fast && /usr/bin/gmake  -f CMakeFiles/cmTC_bdecf.dir/build.make CMakeFiles/cmTC_bdecf.dir/build
gmake[1]: Entering directory '/home/razanh/Inmind/WebRTC/ros2_bags_stream_via_webrtc/build/CMakeFiles/CMakeTmp'
Building C object CMakeFiles/cmTC_bdecf.dir/CheckIncludeFile.c.o
/usr/bin/cc   -fPIE -o CMakeFiles/cmTC_bdecf.dir/CheckIncludeFile.c.o -c /home/razanh/Inmind/WebRTC/ros2_bags_stream_via_webrtc/build/CMakeFiles/CMakeTmp/CheckIncludeFile.c
Linking C executable cmTC_bdecf
/usr/bin/cmake -E cmake_link_script CMakeFiles/cmTC_bdecf.dir/link.txt --verbose=1
/usr/bin/cc CMakeFiles/cmTC_bdecf.dir/CheckIncludeFile.c.o -o cmTC_bdecf 
gmake[1]: Leaving directory '/home/razanh/Inmind/WebRTC/ros2_bags_stream_via_webrtc/build/CMakeFiles/CMakeTmp'



Performing C SOURCE FILE Test CMAKE_HAVE_LIBC_PTHREAD succeeded with the following output:
Change Dir: /home/razanh/Inmind/WebRTC/ros2_bags_stream_via_webrtc/build/CMakeFiles/CMakeTmp

Run Build Command(s):/usr/bin/gmake -f Makefile cmTC_625da/fast && /usr/bin/gmake  -f CMakeFiles/cmTC_625da.dir/build.make CMakeFiles/cmTC_625da.dir/build
gmake[1]: Entering directory '/home/razanh/Inmind/WebRTC/ros2_bags_stream_via_webrtc/build/CMakeFiles/CMakeTmp'
Building C object CMakeFiles/cmTC_625da.dir/src.c.o
/usr/bin/cc -DCMAKE_HAVE_LIBC_PTHREAD  -fPIE -o CMakeFiles/cmTC_625da.dir/src.c.o -c /home/razanh/Inmind/WebRTC/ros2_bags_stream_via_webrtc/build/CMakeFiles/CMakeTmp/src.c
Linking C executable cmTC_625da
/usr/bin/cmake -E cmake_link_script CMakeFiles/cmTC_625da.dir/link.txt --verbose=1
/usr/bin/cc CMakeFiles/cmTC_625da.dir/src.c.o -o cmTC_625da 
gmake[1]: Leaving directory '/home/razanh/Inmind/WebRTC/ros2_bags_stream_via_webrtc/build/CMakeFiles/CMakeTmp'


Source file was:
#include <pthread.h>

static void* test_func(void* data)
{
  return data;
}

int main(void)
{
  pthread_t thread;
  pthread_create(&thread, NULL, test_func, NULL);
  pthread_detach(thread);
  pthread_cancel(thread);
  pthread_join(thread, NULL);
  pthread_atfork(NULL, NULL, NULL);
  pthread_exit(NULL);

  return 0;
}

Determining if the include file pthread.h exists passed with the following output:
Change Dir: /home/razanh/Inmind/WebRTC/ros2_bags_stream_via_webrtc/build/CMakeFiles/CMakeTmp

Run Build Command(s):/usr/bin/gmake -f Makefile cmTC_ac90b/fast && /usr/bin/gmake  -f CMakeFiles/cmTC_ac90b.dir/build.make CMakeFiles/cmTC_ac90b.dir/build
gmake[1]: Entering directory '/home/razanh/Inmind/WebRTC/ros2_bags_stream_via_webrtc/build/CMakeFiles/CMakeTmp'
Building C object CMakeFiles/cmTC_ac90b.dir/CheckIncludeFile.c.o
/usr/bin/cc   -fsigned-char -W -Wall -Wreturn-type -Waddress -Wsequence-point -Wformat -Wformat-security -Wmissing-declarations -Wmissing-prototypes -Wstrict-prototypes -Wundef -Winit-self -Wpointer-arith -Wshadow -Wuninitialized -Wno-comment -Wimplicit-fallthrough=3 -Wno-strict-overflow -fdiagnostics-show-option -Wno-long-long -pthread -fomit-frame-pointer -ffunction-sections -fdata-sections  -msse -msse2 -msse3 -fvisibility=hidden  -O3 -DNDEBUG  -DNDEBUG -fPIE -o CMakeFiles/cmTC_ac90b.dir/CheckIncludeFile.c.o -c /home/razanh/Inmind/WebRTC/ros2_bags_stream_via_webrtc/build/CMakeFiles/CMakeTmp/CheckIncludeFile.c
Linking C executable cmTC_ac90b
/usr/bin/cmake -E cmake_link_script CMakeFiles/cmTC_ac90b.dir/link.txt --verbose=1
/usr/bin/cc    -fsigned-char -W -Wall -Wreturn-type -Waddress -Wsequence-point -Wformat -Wformat-security -Wmissing-declarations -Wmissing-prototypes -Wstrict-prototypes -Wundef -Winit-self -Wpointer-arith -Wshadow -Wuninitialized -Wno-comment -Wimplicit-fallthrough=3 -Wno-strict-overflow -fdiagnostics-show-option -Wno-long-long -pthread -fomit-frame-pointer -ffunction-sections -fdata-sections  -msse -msse2 -msse3 -fvisibility=hidden  -O3 -DNDEBUG  -DNDEBUG   -Wl,--gc-sections -Wl,--as-needed -Wl,--no-undefined  CMakeFiles/cmTC_ac90b.dir/CheckIncludeFile.c.o -o cmTC_ac90b 
gmake[1]: Leaving directory '/home/razanh/Inmind/WebRTC/ros2_bags_stream_via_webrtc/build/CMakeFiles/CMakeTmp'



Determining if the posix_memalign exist passed with the following output:
Change Dir: /home/razanh/Inmind/WebRTC/ros2_bags_stream_via_webrtc/build/CMakeFiles/CMakeTmp

Run Build Command(s):/usr/bin/gmake -f Makefile cmTC_f485a/fast && /usr/bin/gmake  -f CMakeFiles/cmTC_f485a.dir/build.make CMakeFiles/cmTC_f485a.dir/build
gmake[1]: Entering directory '/home/razanh/Inmind/WebRTC/ros2_bags_stream_via_webrtc/build/CMakeFiles/CMakeTmp'
Building C object CMakeFiles/cmTC_f485a.dir/CheckSymbolExists.c.o
/usr/bin/cc   -fsigned-char -W -Wall -Wreturn-type -Waddress -Wsequence-point -Wformat -Wformat-security -Wmissing-declarations -Wmissing-prototypes -Wstrict-prototypes -Wundef -Winit-self -Wpointer-arith -Wshadow -Wuninitialized -Wno-comment -Wimplicit-fallthrough=3 -Wno-strict-overflow -fdiagnostics-show-option -Wno-long-long -pthread -fomit-frame-pointer -ffunction-sections -fdata-sections  -msse -msse2 -msse3 -fvisibility=hidden  -O3 -DNDEBUG  -DNDEBUG -fPIE -o CMakeFiles/cmTC_f485a.dir/CheckSymbolExists.c.o -c /home/razanh/Inmind/WebRTC/ros2_bags_stream_via_webrtc/build/CMakeFiles/CMakeTmp/CheckSymbolExists.c
Linking C executable cmTC_f485a
/usr/bin/cmake -E cmake_link_script CMakeFiles/cmTC_f485a.dir/link.txt --verbose=1
/usr/bin/cc    -fsigned-char -W -Wall -Wreturn-type -Waddress -Wsequence-point -Wformat -Wformat-security -Wmissing-declarations -Wmissing-prototypes -Wstrict-prototypes -Wundef -Winit-self -Wpointer-arith -Wshadow -Wuninitialized -Wno-comment -Wimplicit-fallthrough=3 -Wno-strict-overflow -fdiagnostics-show-option -Wno-long-long -pthread -fomit-frame-pointer -ffunction-sections -fdata-sections  -msse -msse2 -msse3 -fvisibility=hidden  -O3 -DNDEBUG  -DNDEBUG   -Wl,--gc-sections -Wl,--as-needed -Wl,--no-undefined  CMakeFiles/cmTC_f485a.dir/CheckSymbolExists.c.o -o cmTC_f485a 
gmake[1]: Leaving directory '/home/razanh/Inmind/WebRTC/ros2_bags_stream_via_webrtc/build/CMakeFiles/CMakeTmp'


File /home/razanh/Inmind/WebRTC/ros2_bags_stream_via_webrtc/build/CMakeFiles/CMakeTmp/CheckSymbolExists.c:
/* */
#include <stdlib.h>

int main(int argc, char** argv)
{
  (void)argv;
#ifndef posix_memalign
  return ((int*)(&posix_memalign))[argc];
#else
  (void)argc;
  return 0;
#endif
}
Determining if the include file malloc.h exists passed with the following output:
Change Dir: /home/razanh/Inmind/WebRTC/ros2_bags_stream_via_webrtc/build/CMakeFiles/CMakeTmp

Run Build Command(s):/usr/bin/gmake -f Makefile cmTC_069c2/fast && /usr/bin/gmake  -f CMakeFiles/cmTC_069c2.dir/build.make CMakeFiles/cmTC_069c2.dir/build
gmake[1]: Entering directory '/home/razanh/Inmind/WebRTC/ros2_bags_stream_via_webrtc/build/CMakeFiles/CMakeTmp'
Building C object CMakeFiles/cmTC_069c2.dir/CheckIncludeFile.c.o
/usr/bin/cc   -fsigned-char -W -Wall -Wreturn-type -Waddress -Wsequence-point -Wformat -Wformat-security -Wmissing-declarations -Wmissing-prototypes -Wstrict-prototypes -Wundef -Winit-self -Wpointer-arith -Wshadow -Wuninitialized -Wno-comment -Wimplicit-fallthrough=3 -Wno-strict-overflow -fdiagnostics-show-option -Wno-long-long -pthread -fomit-frame-pointer -ffunction-sections -fdata-sections  -msse -msse2 -msse3 -fvisibility=hidden  -O3 -DNDEBUG  -DNDEBUG -fPIE -o CMakeFiles/cmTC_069c2.dir/CheckIncludeFile.c.o -c /home/razanh/Inmind/WebRTC/ros2_bags_stream_via_webrtc/build/CMakeFiles/CMakeTmp/CheckIncludeFile.c
Linking C executable cmTC_069c2
/usr/bin/cmake -E cmake_link_script CMakeFiles/cmTC_069c2.dir/link.txt --verbose=1
/usr/bin/cc    -fsigned-char -W -Wall -Wreturn-type -Waddress -Wsequence-point -Wformat -Wformat-security -Wmissing-declarations -Wmissing-prototypes -Wstrict-prototypes -Wundef -Winit-self -Wpointer-arith -Wshadow -Wuninitialized -Wno-comment -Wimplicit-fallthrough=3 -Wno-strict-overflow -fdiagnostics-show-option -Wno-long-long -pthread -fomit-frame-pointer -ffunction-sections -fdata-sections  -msse -msse2 -msse3 -fvisibility=hidden  -O3 -DNDEBUG  -DNDEBUG   -Wl,--gc-sections -Wl,--as-needed -Wl,--no-undefined  CMakeFiles/cmTC_069c2.dir/CheckIncludeFile.c.o -o cmTC_069c2 
gmake[1]: Leaving directory '/home/razanh/Inmind/WebRTC/ros2_bags_stream_via_webrtc/build/CMakeFiles/CMakeTmp'



Determining if the memalign exist passed with the following output:
Change Dir: /home/razanh/Inmind/WebRTC/ros2_bags_stream_via_webrtc/build/CMakeFiles/CMakeTmp

Run Build Command(s):/usr/bin/gmake -f Makefile cmTC_c98bf/fast && /usr/bin/gmake  -f CMakeFiles/cmTC_c98bf.dir/build.make CMakeFiles/cmTC_c98bf.dir/build
gmake[1]: Entering directory '/home/razanh/Inmind/WebRTC/ros2_bags_stream_via_webrtc/build/CMakeFiles/CMakeTmp'
Building C object CMakeFiles/cmTC_c98bf.dir/CheckSymbolExists.c.o
/usr/bin/cc   -fsigned-char -W -Wall -Wreturn-type -Waddress -Wsequence-point -Wformat -Wformat-security -Wmissing-declarations -Wmissing-prototypes -Wstrict-prototypes -Wundef -Winit-self -Wpointer-arith -Wshadow -Wuninitialized -Wno-comment -Wimplicit-fallthrough=3 -Wno-strict-overflow -fdiagnostics-show-option -Wno-long-long -pthread -fomit-frame-pointer -ffunction-sections -fdata-sections  -msse -msse2 -msse3 -fvisibility=hidden  -O3 -DNDEBUG  -DNDEBUG -fPIE -o CMakeFiles/cmTC_c98bf.dir/CheckSymbolExists.c.o -c /home/razanh/Inmind/WebRTC/ros2_bags_stream_via_webrtc/build/CMakeFiles/CMakeTmp/CheckSymbolExists.c
Linking C executable cmTC_c98bf
/usr/bin/cmake -E cmake_link_script CMakeFiles/cmTC_c98bf.dir/link.txt --verbose=1
/usr/bin/cc    -fsigned-char -W -Wall -Wreturn-type -Waddress -Wsequence-point -Wformat -Wformat-security -Wmissing-declarations -Wmissing-prototypes -Wstrict-prototypes -Wundef -Winit-self -Wpointer-arith -Wshadow -Wuninitialized -Wno-comment -Wimplicit-fallthrough=3 -Wno-strict-overflow -fdiagnostics-show-option -Wno-long-long -pthread -fomit-frame-pointer -ffunction-sections -fdata-sections  -msse -msse2 -msse3 -fvisibility=hidden  -O3 -DNDEBUG  -DNDEBUG   -Wl,--gc-sections -Wl,--as-needed -Wl,--no-undefined  CMakeFiles/cmTC_c98bf.dir/CheckSymbolExists.c.o -o cmTC_c98bf 
gmake[1]: Leaving directory '/home/razanh/Inmind/WebRTC/ros2_bags_stream_via_webrtc/build/CMakeFiles/CMakeTmp'


File /home/razanh/Inmind/WebRTC/ros2_bags_stream_via_webrtc/build/CMakeFiles/CMakeTmp/CheckSymbolExists.c:
/* */
#include <malloc.h>

int main(int argc, char** argv)
{
  (void)argv;
#ifndef memalign
  return ((int*)(&memalign))[argc];
#else
  (void)argc;
  return 0;
#endif
}
Determining if the function fseeko exists passed with the following output:
Change Dir: /home/razanh/Inmind/WebRTC/ros2_bags_stream_via_webrtc/build/CMakeFiles/CMakeTmp

Run Build Command(s):/usr/bin/gmake -f Makefile cmTC_75d77/fast && /usr/bin/gmake  -f CMakeFiles/cmTC_75d77.dir/build.make CMakeFiles/cmTC_75d77.dir/build
gmake[1]: Entering directory '/home/razanh/Inmind/WebRTC/ros2_bags_stream_via_webrtc/build/CMakeFiles/CMakeTmp'
Building C object CMakeFiles/cmTC_75d77.dir/CheckFunctionExists.c.o
/usr/bin/cc   -fsigned-char -W -Wall -Wreturn-type -Waddress -Wsequence-point -Wformat -Wformat-security -Wmissing-declarations -Wmissing-prototypes -Wstrict-prototypes -Wundef -Winit-self -Wpointer-arith -Wshadow -Wuninitialized -Wno-comment -Wimplicit-fallthrough=3 -Wno-strict-overflow -fdiagnostics-show-option -Wno-long-long -pthread -fomit-frame-pointer -ffunction-sections -fdata-sections  -msse -msse2 -msse3 -fvisibility=hidden -DCHECK_FUNCTION_EXISTS=fseeko -O3 -DNDEBUG  -DNDEBUG -fPIE -o CMakeFiles/cmTC_75d77.dir/CheckFunctionExists.c.o -c /usr/share/cmake-3.22/Modules/CheckFunctionExists.c
Linking C executable cmTC_75d77
/usr/bin/cmake -E cmake_link_script CMakeFiles/cmTC_75d77.dir/link.txt --verbose=1
/usr/bin/cc    -fsigned-char -W -Wall -Wreturn-type -Waddress -Wsequence-point -Wformat -Wformat-security -Wmissing-declarations -Wmissing-prototypes -Wstrict-prototypes -Wundef -Winit-self -Wpointer-arith -Wshadow -Wuninitialized -Wno-comment -Wimplicit-fallthrough=3 -Wno-strict-overflow -fdiagnostics-show-option -Wno-long-long -pthread -fomit-frame-pointer -ffunction-sections -fdata-sections  -msse -msse2 -msse3 -fvisibility=hidden -DCHECK_FUNCTION_EXISTS=fseeko -O3 -DNDEBUG  -DNDEBUG   -Wl,--gc-sections -Wl,--as-needed -Wl,--no-undefined  CMakeFiles/cmTC_75d77.dir/CheckFunctionExists.c.o -o cmTC_75d77 
gmake[1]: Leaving directory '/home/razanh/Inmind/WebRTC/ros2_bags_stream_via_webrtc/build/CMakeFiles/CMakeTmp'



Determining if the include file unistd.h exists passed with the following output:
Change Dir: /home/razanh/Inmind/WebRTC/ros2_bags_stream_via_webrtc/build/CMakeFiles/CMakeTmp

Run Build Command(s):/usr/bin/gmake -f Makefile cmTC_5e881/fast && /usr/bin/gmake  -f CMakeFiles/cmTC_5e881.dir/build.make CMakeFiles/cmTC_5e881.dir/build
gmake[1]: Entering directory '/home/razanh/Inmind/WebRTC/ros2_bags_stream_via_webrtc/build/CMakeFiles/CMakeTmp'
Building C object CMakeFiles/cmTC_5e881.dir/CheckIncludeFile.c.o
/usr/bin/cc   -fsigned-char -W -Wall -Wreturn-type -Waddress -Wsequence-point -Wformat -Wformat-security -Wmissing-declarations -Wmissing-prototypes -Wstrict-prototypes -Wundef -Winit-self -Wpointer-arith -Wshadow -Wuninitialized -Wno-comment -Wimplicit-fallthrough=3 -Wno-strict-overflow -fdiagnostics-show-option -Wno-long-long -pthread -fomit-frame-pointer -ffunction-sections -fdata-sections  -msse -msse2 -msse3 -fvisibility=hidden  -O3 -DNDEBUG  -DNDEBUG -fPIE -o CMakeFiles/cmTC_5e881.dir/CheckIncludeFile.c.o -c /home/razanh/Inmind/WebRTC/ros2_bags_stream_via_webrtc/build/CMakeFiles/CMakeTmp/CheckIncludeFile.c
Linking C executable cmTC_5e881
/usr/bin/cmake -E cmake_link_script CMakeFiles/cmTC_5e881.dir/link.txt --verbose=1
/usr/bin/cc    -fsigned-char -W -Wall -Wreturn-type -Waddress -Wsequence-point -Wformat -Wformat-security -Wmissing-declarations -Wmissing-prototypes -Wstrict-prototypes -Wundef -Winit-self -Wpointer-arith -Wshadow -Wuninitialized -Wno-comment -Wimplicit-fallthrough=3 -Wno-strict-overflow -fdiagnostics-show-option -Wno-long-long -pthread -fomit-frame-pointer -ffunction-sections -fdata-sections  -msse -msse2 -msse3 -fvisibility=hidden  -O3 -DNDEBUG  -DNDEBUG   -Wl,--gc-sections -Wl,--as-needed -Wl,--no-undefined  CMakeFiles/cmTC_5e881.dir/CheckIncludeFile.c.o -o cmTC_5e881 
gmake[1]: Leaving directory '/home/razanh/Inmind/WebRTC/ros2_bags_stream_via_webrtc/build/CMakeFiles/CMakeTmp'



Determining if the include file sys/types.h exists passed with the following output:
Change Dir: /home/razanh/Inmind/WebRTC/ros2_bags_stream_via_webrtc/build/CMakeFiles/CMakeTmp

Run Build Command(s):/usr/bin/gmake -f Makefile cmTC_2daf5/fast && /usr/bin/gmake  -f CMakeFiles/cmTC_2daf5.dir/build.make CMakeFiles/cmTC_2daf5.dir/build
gmake[1]: Entering directory '/home/razanh/Inmind/WebRTC/ros2_bags_stream_via_webrtc/build/CMakeFiles/CMakeTmp'
Building C object CMakeFiles/cmTC_2daf5.dir/CheckIncludeFile.c.o
/usr/bin/cc   -fsigned-char -W -Wall -Wreturn-type -Waddress -Wsequence-point -Wformat -Wformat-security -Wmissing-declarations -Wmissing-prototypes -Wstrict-prototypes -Wundef -Winit-self -Wpointer-arith -Wshadow -Wuninitialized -Wno-comment -Wimplicit-fallthrough=3 -Wno-strict-overflow -fdiagnostics-show-option -Wno-long-long -pthread -fomit-frame-pointer -ffunction-sections -fdata-sections  -msse -msse2 -msse3 -fvisibility=hidden  -O3 -DNDEBUG  -DNDEBUG -fPIE -o CMakeFiles/cmTC_2daf5.dir/CheckIncludeFile.c.o -c /home/razanh/Inmind/WebRTC/ros2_bags_stream_via_webrtc/build/CMakeFiles/CMakeTmp/CheckIncludeFile.c
Linking C executable cmTC_2daf5
/usr/bin/cmake -E cmake_link_script CMakeFiles/cmTC_2daf5.dir/link.txt --verbose=1
/usr/bin/cc    -fsigned-char -W -Wall -Wreturn-type -Waddress -Wsequence-point -Wformat -Wformat-security -Wmissing-declarations -Wmissing-prototypes -Wstrict-prototypes -Wundef -Winit-self -Wpointer-arith -Wshadow -Wuninitialized -Wno-comment -Wimplicit-fallthrough=3 -Wno-strict-overflow -fdiagnostics-show-option -Wno-long-long -pthread -fomit-frame-pointer -ffunction-sections -fdata-sections  -msse -msse2 -msse3 -fvisibility=hidden  -O3 -DNDEBUG  -DNDEBUG   -Wl,--gc-sections -Wl,--as-needed -Wl,--no-undefined  CMakeFiles/cmTC_2daf5.dir/CheckIncludeFile.c.o -o cmTC_2daf5 
gmake[1]: Leaving directory '/home/razanh/Inmind/WebRTC/ros2_bags_stream_via_webrtc/build/CMakeFiles/CMakeTmp'



Determining if the include file stdint.h exists passed with the following output:
Change Dir: /home/razanh/Inmind/WebRTC/ros2_bags_stream_via_webrtc/build/CMakeFiles/CMakeTmp

Run Build Command(s):/usr/bin/gmake -f Makefile cmTC_c4793/fast && /usr/bin/gmake  -f CMakeFiles/cmTC_c4793.dir/build.make CMakeFiles/cmTC_c4793.dir/build
gmake[1]: Entering directory '/home/razanh/Inmind/WebRTC/ros2_bags_stream_via_webrtc/build/CMakeFiles/CMakeTmp'
Building C object CMakeFiles/cmTC_c4793.dir/CheckIncludeFile.c.o
/usr/bin/cc   -fsigned-char -W -Wall -Wreturn-type -Waddress -Wsequence-point -Wformat -Wformat-security -Wmissing-declarations -Wmissing-prototypes -Wstrict-prototypes -Wundef -Winit-self -Wpointer-arith -Wshadow -Wuninitialized -Wno-comment -Wimplicit-fallthrough=3 -Wno-strict-overflow -fdiagnostics-show-option -Wno-long-long -pthread -fomit-frame-pointer -ffunction-sections -fdata-sections  -msse -msse2 -msse3 -fvisibility=hidden  -O3 -DNDEBUG  -DNDEBUG -fPIE -o CMakeFiles/cmTC_c4793.dir/CheckIncludeFile.c.o -c /home/razanh/Inmind/WebRTC/ros2_bags_stream_via_webrtc/build/CMakeFiles/CMakeTmp/CheckIncludeFile.c
Linking C executable cmTC_c4793
/usr/bin/cmake -E cmake_link_script CMakeFiles/cmTC_c4793.dir/link.txt --verbose=1
/usr/bin/cc    -fsigned-char -W -Wall -Wreturn-type -Waddress -Wsequence-point -Wformat -Wformat-security -Wmissing-declarations -Wmissing-prototypes -Wstrict-prototypes -Wundef -Winit-self -Wpointer-arith -Wshadow -Wuninitialized -Wno-comment -Wimplicit-fallthrough=3 -Wno-strict-overflow -fdiagnostics-show-option -Wno-long-long -pthread -fomit-frame-pointer -ffunction-sections -fdata-sections  -msse -msse2 -msse3 -fvisibility=hidden  -O3 -DNDEBUG  -DNDEBUG   -Wl,--gc-sections -Wl,--as-needed -Wl,--no-undefined  CMakeFiles/cmTC_c4793.dir/CheckIncludeFile.c.o -o cmTC_c4793 
gmake[1]: Leaving directory '/home/razanh/Inmind/WebRTC/ros2_bags_stream_via_webrtc/build/CMakeFiles/CMakeTmp'



Determining if the include file stddef.h exists passed with the following output:
Change Dir: /home/razanh/Inmind/WebRTC/ros2_bags_stream_via_webrtc/build/CMakeFiles/CMakeTmp

Run Build Command(s):/usr/bin/gmake -f Makefile cmTC_a056b/fast && /usr/bin/gmake  -f CMakeFiles/cmTC_a056b.dir/build.make CMakeFiles/cmTC_a056b.dir/build
gmake[1]: Entering directory '/home/razanh/Inmind/WebRTC/ros2_bags_stream_via_webrtc/build/CMakeFiles/CMakeTmp'
Building C object CMakeFiles/cmTC_a056b.dir/CheckIncludeFile.c.o
/usr/bin/cc   -fsigned-char -W -Wall -Wreturn-type -Waddress -Wsequence-point -Wformat -Wformat-security -Wmissing-declarations -Wmissing-prototypes -Wstrict-prototypes -Wundef -Winit-self -Wpointer-arith -Wshadow -Wuninitialized -Wno-comment -Wimplicit-fallthrough=3 -Wno-strict-overflow -fdiagnostics-show-option -Wno-long-long -pthread -fomit-frame-pointer -ffunction-sections -fdata-sections  -msse -msse2 -msse3 -fvisibility=hidden  -O3 -DNDEBUG  -DNDEBUG -fPIE -o CMakeFiles/cmTC_a056b.dir/CheckIncludeFile.c.o -c /home/razanh/Inmind/WebRTC/ros2_bags_stream_via_webrtc/build/CMakeFiles/CMakeTmp/CheckIncludeFile.c
Linking C executable cmTC_a056b
/usr/bin/cmake -E cmake_link_script CMakeFiles/cmTC_a056b.dir/link.txt --verbose=1
/usr/bin/cc    -fsigned-char -W -Wall -Wreturn-type -Waddress -Wsequence-point -Wformat -Wformat-security -Wmissing-declarations -Wmissing-prototypes -Wstrict-prototypes -Wundef -Winit-self -Wpointer-arith -Wshadow -Wuninitialized -Wno-comment -Wimplicit-fallthrough=3 -Wno-strict-overflow -fdiagnostics-show-option -Wno-long-long -pthread -fomit-frame-pointer -ffunction-sections -fdata-sections  -msse -msse2 -msse3 -fvisibility=hidden  -O3 -DNDEBUG  -DNDEBUG   -Wl,--gc-sections -Wl,--as-needed -Wl,--no-undefined  CMakeFiles/cmTC_a056b.dir/CheckIncludeFile.c.o -o cmTC_a056b 
gmake[1]: Leaving directory '/home/razanh/Inmind/WebRTC/ros2_bags_stream_via_webrtc/build/CMakeFiles/CMakeTmp'



Determining size of size_t passed with the following output:
Change Dir: /home/razanh/Inmind/WebRTC/ros2_bags_stream_via_webrtc/build/CMakeFiles/CMakeTmp

Run Build Command(s):/usr/bin/gmake -f Makefile cmTC_2ca39/fast && /usr/bin/gmake  -f CMakeFiles/cmTC_2ca39.dir/build.make CMakeFiles/cmTC_2ca39.dir/build
gmake[1]: Entering directory '/home/razanh/Inmind/WebRTC/ros2_bags_stream_via_webrtc/build/CMakeFiles/CMakeTmp'
Building C object CMakeFiles/cmTC_2ca39.dir/SIZEOF_SIZE_T.c.o
/usr/bin/cc   -fsigned-char -W -Wall -Wreturn-type -Waddress -Wsequence-point -Wformat -Wformat-security -Wmissing-declarations -Wmissing-prototypes -Wstrict-prototypes -Wundef -Winit-self -Wpointer-arith -Wshadow -Wuninitialized -Wno-comment -Wno-strict-overflow -fdiagnostics-show-option -Wno-long-long -pthread -fomit-frame-pointer -ffunction-sections -fdata-sections  -msse -msse2 -msse3 -fvisibility=hidden -Wno-unused-parameter -Wno-sign-compare -Wno-implicit-fallthrough  -O3 -DNDEBUG  -DNDEBUG -fPIE -o CMakeFiles/cmTC_2ca39.dir/SIZEOF_SIZE_T.c.o -c /home/razanh/Inmind/WebRTC/ros2_bags_stream_via_webrtc/build/CMakeFiles/CheckTypeSize/SIZEOF_SIZE_T.c
Linking C executable cmTC_2ca39
/usr/bin/cmake -E cmake_link_script CMakeFiles/cmTC_2ca39.dir/link.txt --verbose=1
/usr/bin/cc    -fsigned-char -W -Wall -Wreturn-type -Waddress -Wsequence-point -Wformat -Wformat-security -Wmissing-declarations -Wmissing-prototypes -Wstrict-prototypes -Wundef -Winit-self -Wpointer-arith -Wshadow -Wuninitialized -Wno-comment -Wno-strict-overflow -fdiagnostics-show-option -Wno-long-long -pthread -fomit-frame-pointer -ffunction-sections -fdata-sections  -msse -msse2 -msse3 -fvisibility=hidden -Wno-unused-parameter -Wno-sign-compare -Wno-implicit-fallthrough  -O3 -DNDEBUG  -DNDEBUG   -Wl,--gc-sections -Wl,--as-needed -Wl,--no-undefined  CMakeFiles/cmTC_2ca39.dir/SIZEOF_SIZE_T.c.o -o cmTC_2ca39 
gmake[1]: Leaving directory '/home/razanh/Inmind/WebRTC/ros2_bags_stream_via_webrtc/build/CMakeFiles/CMakeTmp'



Determining size of unsigned long passed with the following output:
Change Dir: /home/razanh/Inmind/WebRTC/ros2_bags_stream_via_webrtc/build/CMakeFiles/CMakeTmp

Run Build Command(s):/usr/bin/gmake -f Makefile cmTC_7c676/fast && /usr/bin/gmake  -f CMakeFiles/cmTC_7c676.dir/build.make CMakeFiles/cmTC_7c676.dir/build
gmake[1]: Entering directory '/home/razanh/Inmind/WebRTC/ros2_bags_stream_via_webrtc/build/CMakeFiles/CMakeTmp'
Building C object CMakeFiles/cmTC_7c676.dir/SIZEOF_UNSIGNED_LONG.c.o
/usr/bin/cc   -fsigned-char -W -Wall -Wreturn-type -Waddress -Wsequence-point -Wformat -Wformat-security -Wmissing-declarations -Wmissing-prototypes -Wstrict-prototypes -Wundef -Winit-self -Wpointer-arith -Wshadow -Wuninitialized -Wno-comment -Wno-strict-overflow -fdiagnostics-show-option -Wno-long-long -pthread -fomit-frame-pointer -ffunction-sections -fdata-sections  -msse -msse2 -msse3 -fvisibility=hidden -Wno-unused-parameter -Wno-sign-compare -Wno-implicit-fallthrough  -O3 -DNDEBUG  -DNDEBUG -fPIE -o CMakeFiles/cmTC_7c676.dir/SIZEOF_UNSIGNED_LONG.c.o -c /home/razanh/Inmind/WebRTC/ros2_bags_stream_via_webrtc/build/CMakeFiles/CheckTypeSize/SIZEOF_UNSIGNED_LONG.c
Linking C executable cmTC_7c676
/usr/bin/cmake -E cmake_link_script CMakeFiles/cmTC_7c676.dir/link.txt --verbose=1
/usr/bin/cc    -fsigned-char -W -Wall -Wreturn-type -Waddress -Wsequence-point -Wformat -Wformat-security -Wmissing-declarations -Wmissing-prototypes -Wstrict-prototypes -Wundef -Winit-self -Wpointer-arith -Wshadow -Wuninitialized -Wno-comment -Wno-strict-overflow -fdiagnostics-show-option -Wno-long-long -pthread -fomit-frame-pointer -ffunction-sections -fdata-sections  -msse -msse2 -msse3 -fvisibility=hidden -Wno-unused-parameter -Wno-sign-compare -Wno-implicit-fallthrough  -O3 -DNDEBUG  -DNDEBUG   -Wl,--gc-sections -Wl,--as-needed -Wl,--no-undefined  CMakeFiles/cmTC_7c676.dir/SIZEOF_UNSIGNED_LONG.c.o -o cmTC_7c676 
gmake[1]: Leaving directory '/home/razanh/Inmind/WebRTC/ros2_bags_stream_via_webrtc/build/CMakeFiles/CMakeTmp'



Performing C SOURCE FILE Test HAVE_BUILTIN_CTZL succeeded with the following output:
Change Dir: /home/razanh/Inmind/WebRTC/ros2_bags_stream_via_webrtc/build/CMakeFiles/CMakeTmp

Run Build Command(s):/usr/bin/gmake -f Makefile cmTC_d4c5a/fast && /usr/bin/gmake  -f CMakeFiles/cmTC_d4c5a.dir/build.make CMakeFiles/cmTC_d4c5a.dir/build
gmake[1]: Entering directory '/home/razanh/Inmind/WebRTC/ros2_bags_stream_via_webrtc/build/CMakeFiles/CMakeTmp'
Building C object CMakeFiles/cmTC_d4c5a.dir/src.c.o
/usr/bin/cc -DHAVE_BUILTIN_CTZL  -fsigned-char -W -Wall -Wreturn-type -Waddress -Wsequence-point -Wformat -Wformat-security -Wmissing-declarations -Wmissing-prototypes -Wstrict-prototypes -Wundef -Winit-self -Wpointer-arith -Wshadow -Wuninitialized -Wno-comment -Wno-strict-overflow -fdiagnostics-show-option -Wno-long-long -pthread -fomit-frame-pointer -ffunction-sections -fdata-sections  -msse -msse2 -msse3 -fvisibility=hidden -Wno-unused-parameter -Wno-sign-compare -Wno-implicit-fallthrough  -O3 -DNDEBUG  -DNDEBUG -fPIE -o CMakeFiles/cmTC_d4c5a.dir/src.c.o -c /home/razanh/Inmind/WebRTC/ros2_bags_stream_via_webrtc/build/CMakeFiles/CMakeTmp/src.c
Linking C executable cmTC_d4c5a
/usr/bin/cmake -E cmake_link_script CMakeFiles/cmTC_d4c5a.dir/link.txt --verbose=1
/usr/bin/cc    -fsigned-char -W -Wall -Wreturn-type -Waddress -Wsequence-point -Wformat -Wformat-security -Wmissing-declarations -Wmissing-prototypes -Wstrict-prototypes -Wundef -Winit-self -Wpointer-arith -Wshadow -Wuninitialized -Wno-comment -Wno-strict-overflow -fdiagnostics-show-option -Wno-long-long -pthread -fomit-frame-pointer -ffunction-sections -fdata-sections  -msse -msse2 -msse3 -fvisibility=hidden -Wno-unused-parameter -Wno-sign-compare -Wno-implicit-fallthrough  -O3 -DNDEBUG  -DNDEBUG   -Wl,--gc-sections -Wl,--as-needed -Wl,--no-undefined  CMakeFiles/cmTC_d4c5a.dir/src.c.o -o cmTC_d4c5a 
gmake[1]: Leaving directory '/home/razanh/Inmind/WebRTC/ros2_bags_stream_via_webrtc/build/CMakeFiles/CMakeTmp'


Source file was:
int main(int argc, char **argv) { unsigned long a = argc;  return __builtin_ctzl(a); }
Determining if files locale.h exist passed with the following output:
Change Dir: /home/razanh/Inmind/WebRTC/ros2_bags_stream_via_webrtc/build/CMakeFiles/CMakeTmp

Run Build Command(s):/usr/bin/gmake -f Makefile cmTC_a56ca/fast && /usr/bin/gmake  -f CMakeFiles/cmTC_a56ca.dir/build.make CMakeFiles/cmTC_a56ca.dir/build
gmake[1]: Entering directory '/home/razanh/Inmind/WebRTC/ros2_bags_stream_via_webrtc/build/CMakeFiles/CMakeTmp'
Building C object CMakeFiles/cmTC_a56ca.dir/HAVE_LOCALE_H.c.o
/usr/bin/cc   -fsigned-char -W -Wall -Wreturn-type -Waddress -Wsequence-point -Wformat -Wformat-security -Wmissing-declarations -Wmissing-prototypes -Wstrict-prototypes -Wundef -Winit-self -Wpointer-arith -Wshadow -Wuninitialized -Wno-comment -Wno-strict-overflow -fdiagnostics-show-option -Wno-long-long -pthread -fomit-frame-pointer -ffunction-sections -fdata-sections  -msse -msse2 -msse3 -fvisibility=hidden -Wno-unused-parameter -Wno-sign-compare -Wno-implicit-fallthrough  -O3 -DNDEBUG  -DNDEBUG -fPIE -o CMakeFiles/cmTC_a56ca.dir/HAVE_LOCALE_H.c.o -c /home/razanh/Inmind/WebRTC/ros2_bags_stream_via_webrtc/build/CMakeFiles/CheckIncludeFiles/HAVE_LOCALE_H.c
Linking C executable cmTC_a56ca
/usr/bin/cmake -E cmake_link_script CMakeFiles/cmTC_a56ca.dir/link.txt --verbose=1
/usr/bin/cc    -fsigned-char -W -Wall -Wreturn-type -Waddress -Wsequence-point -Wformat -Wformat-security -Wmissing-declarations -Wmissing-prototypes -Wstrict-prototypes -Wundef -Winit-self -Wpointer-arith -Wshadow -Wuninitialized -Wno-comment -Wno-strict-overflow -fdiagnostics-show-option -Wno-long-long -pthread -fomit-frame-pointer -ffunction-sections -fdata-sections  -msse -msse2 -msse3 -fvisibility=hidden -Wno-unused-parameter -Wno-sign-compare -Wno-implicit-fallthrough  -O3 -DNDEBUG  -DNDEBUG   -Wl,--gc-sections -Wl,--as-needed -Wl,--no-undefined  CMakeFiles/cmTC_a56ca.dir/HAVE_LOCALE_H.c.o -o cmTC_a56ca 
gmake[1]: Leaving directory '/home/razanh/Inmind/WebRTC/ros2_bags_stream_via_webrtc/build/CMakeFiles/CMakeTmp'



Determining if files stdlib.h exist passed with the following output:
Change Dir: /home/razanh/Inmind/WebRTC/ros2_bags_stream_via_webrtc/build/CMakeFiles/CMakeTmp

Run Build Command(s):/usr/bin/gmake -f Makefile cmTC_3d08f/fast && /usr/bin/gmake  -f CMakeFiles/cmTC_3d08f.dir/build.make CMakeFiles/cmTC_3d08f.dir/build
gmake[1]: Entering directory '/home/razanh/Inmind/WebRTC/ros2_bags_stream_via_webrtc/build/CMakeFiles/CMakeTmp'
Building C object CMakeFiles/cmTC_3d08f.dir/HAVE_STDLIB_H.c.o
/usr/bin/cc   -fsigned-char -W -Wall -Wreturn-type -Waddress -Wsequence-point -Wformat -Wformat-security -Wmissing-declarations -Wmissing-prototypes -Wstrict-prototypes -Wundef -Winit-self -Wpointer-arith -Wshadow -Wuninitialized -Wno-comment -Wno-strict-overflow -fdiagnostics-show-option -Wno-long-long -pthread -fomit-frame-pointer -ffunction-sections -fdata-sections  -msse -msse2 -msse3 -fvisibility=hidden -Wno-unused-parameter -Wno-sign-compare -Wno-implicit-fallthrough  -O3 -DNDEBUG  -DNDEBUG -fPIE -o CMakeFiles/cmTC_3d08f.dir/HAVE_STDLIB_H.c.o -c /home/razanh/Inmind/WebRTC/ros2_bags_stream_via_webrtc/build/CMakeFiles/CheckIncludeFiles/HAVE_STDLIB_H.c
Linking C executable cmTC_3d08f
/usr/bin/cmake -E cmake_link_script CMakeFiles/cmTC_3d08f.dir/link.txt --verbose=1
/usr/bin/cc    -fsigned-char -W -Wall -Wreturn-type -Waddress -Wsequence-point -Wformat -Wformat-security -Wmissing-declarations -Wmissing-prototypes -Wstrict-prototypes -Wundef -Winit-self -Wpointer-arith -Wshadow -Wuninitialized -Wno-comment -Wno-strict-overflow -fdiagnostics-show-option -Wno-long-long -pthread -fomit-frame-pointer -ffunction-sections -fdata-sections  -msse -msse2 -msse3 -fvisibility=hidden -Wno-unused-parameter -Wno-sign-compare -Wno-implicit-fallthrough  -O3 -DNDEBUG  -DNDEBUG   -Wl,--gc-sections -Wl,--as-needed -Wl,--no-undefined  CMakeFiles/cmTC_3d08f.dir/HAVE_STDLIB_H.c.o -o cmTC_3d08f 
gmake[1]: Leaving directory '/home/razanh/Inmind/WebRTC/ros2_bags_stream_via_webrtc/build/CMakeFiles/CMakeTmp'



Determining if files sys/types.h exist passed with the following output:
Change Dir: /home/razanh/Inmind/WebRTC/ros2_bags_stream_via_webrtc/build/CMakeFiles/CMakeTmp

Run Build Command(s):/usr/bin/gmake -f Makefile cmTC_df13a/fast && /usr/bin/gmake  -f CMakeFiles/cmTC_df13a.dir/build.make CMakeFiles/cmTC_df13a.dir/build
gmake[1]: Entering directory '/home/razanh/Inmind/WebRTC/ros2_bags_stream_via_webrtc/build/CMakeFiles/CMakeTmp'
Building C object CMakeFiles/cmTC_df13a.dir/NEED_SYS_TYPES_H.c.o
/usr/bin/cc   -fsigned-char -W -Wall -Wreturn-type -Waddress -Wsequence-point -Wformat -Wformat-security -Wmissing-declarations -Wmissing-prototypes -Wstrict-prototypes -Wundef -Winit-self -Wpointer-arith -Wshadow -Wuninitialized -Wno-comment -Wno-strict-overflow -fdiagnostics-show-option -Wno-long-long -pthread -fomit-frame-pointer -ffunction-sections -fdata-sections  -msse -msse2 -msse3 -fvisibility=hidden -Wno-unused-parameter -Wno-sign-compare -Wno-implicit-fallthrough  -O3 -DNDEBUG  -DNDEBUG -fPIE -o CMakeFiles/cmTC_df13a.dir/NEED_SYS_TYPES_H.c.o -c /home/razanh/Inmind/WebRTC/ros2_bags_stream_via_webrtc/build/CMakeFiles/CheckIncludeFiles/NEED_SYS_TYPES_H.c
Linking C executable cmTC_df13a
/usr/bin/cmake -E cmake_link_script CMakeFiles/cmTC_df13a.dir/link.txt --verbose=1
/usr/bin/cc    -fsigned-char -W -Wall -Wreturn-type -Waddress -Wsequence-point -Wformat -Wformat-security -Wmissing-declarations -Wmissing-prototypes -Wstrict-prototypes -Wundef -Winit-self -Wpointer-arith -Wshadow -Wuninitialized -Wno-comment -Wno-strict-overflow -fdiagnostics-show-option -Wno-long-long -pthread -fomit-frame-pointer -ffunction-sections -fdata-sections  -msse -msse2 -msse3 -fvisibility=hidden -Wno-unused-parameter -Wno-sign-compare -Wno-implicit-fallthrough  -O3 -DNDEBUG  -DNDEBUG   -Wl,--gc-sections -Wl,--as-needed -Wl,--no-undefined  CMakeFiles/cmTC_df13a.dir/NEED_SYS_TYPES_H.c.o -o cmTC_df13a 
gmake[1]: Leaving directory '/home/razanh/Inmind/WebRTC/ros2_bags_stream_via_webrtc/build/CMakeFiles/CMakeTmp'



Determining if the include file assert.h exists passed with the following output:
Change Dir: /home/razanh/Inmind/WebRTC/ros2_bags_stream_via_webrtc/build/CMakeFiles/CMakeTmp

Run Build Command(s):/usr/bin/gmake -f Makefile cmTC_67e59/fast && /usr/bin/gmake  -f CMakeFiles/cmTC_67e59.dir/build.make CMakeFiles/cmTC_67e59.dir/build
gmake[1]: Entering directory '/home/razanh/Inmind/WebRTC/ros2_bags_stream_via_webrtc/build/CMakeFiles/CMakeTmp'
Building C object CMakeFiles/cmTC_67e59.dir/CheckIncludeFile.c.o
/usr/bin/cc   -fsigned-char -W -Wall -Wreturn-type -Waddress -Wsequence-point -Wformat -Wformat-security -Wmissing-declarations -Wmissing-prototypes -Wstrict-prototypes -Wundef -Winit-self -Wpointer-arith -Wshadow -Wuninitialized -Wno-comment -Wimplicit-fallthrough=3 -Wno-strict-overflow -fdiagnostics-show-option -Wno-long-long -pthread -fomit-frame-pointer -ffunction-sections -fdata-sections  -msse -msse2 -msse3 -fvisibility=hidden  -O3 -DNDEBUG  -DNDEBUG -fPIE -o CMakeFiles/cmTC_67e59.dir/CheckIncludeFile.c.o -c /home/razanh/Inmind/WebRTC/ros2_bags_stream_via_webrtc/build/CMakeFiles/CMakeTmp/CheckIncludeFile.c
Linking C executable cmTC_67e59
/usr/bin/cmake -E cmake_link_script CMakeFiles/cmTC_67e59.dir/link.txt --verbose=1
/usr/bin/cc    -fsigned-char -W -Wall -Wreturn-type -Waddress -Wsequence-point -Wformat -Wformat-security -Wmissing-declarations -Wmissing-prototypes -Wstrict-prototypes -Wundef -Winit-self -Wpointer-arith -Wshadow -Wuninitialized -Wno-comment -Wimplicit-fallthrough=3 -Wno-strict-overflow -fdiagnostics-show-option -Wno-long-long -pthread -fomit-frame-pointer -ffunction-sections -fdata-sections  -msse -msse2 -msse3 -fvisibility=hidden  -O3 -DNDEBUG  -DNDEBUG   -Wl,--gc-sections -Wl,--as-needed -Wl,--no-undefined  CMakeFiles/cmTC_67e59.dir/CheckIncludeFile.c.o -o cmTC_67e59 
gmake[1]: Leaving directory '/home/razanh/Inmind/WebRTC/ros2_bags_stream_via_webrtc/build/CMakeFiles/CMakeTmp'



Determining if the include file dlfcn.h exists passed with the following output:
Change Dir: /home/razanh/Inmind/WebRTC/ros2_bags_stream_via_webrtc/build/CMakeFiles/CMakeTmp

Run Build Command(s):/usr/bin/gmake -f Makefile cmTC_f2067/fast && /usr/bin/gmake  -f CMakeFiles/cmTC_f2067.dir/build.make CMakeFiles/cmTC_f2067.dir/build
gmake[1]: Entering directory '/home/razanh/Inmind/WebRTC/ros2_bags_stream_via_webrtc/build/CMakeFiles/CMakeTmp'
Building C object CMakeFiles/cmTC_f2067.dir/CheckIncludeFile.c.o
/usr/bin/cc   -fsigned-char -W -Wall -Wreturn-type -Waddress -Wsequence-point -Wformat -Wformat-security -Wmissing-declarations -Wmissing-prototypes -Wstrict-prototypes -Wundef -Winit-self -Wpointer-arith -Wshadow -Wuninitialized -Wno-comment -Wimplicit-fallthrough=3 -Wno-strict-overflow -fdiagnostics-show-option -Wno-long-long -pthread -fomit-frame-pointer -ffunction-sections -fdata-sections  -msse -msse2 -msse3 -fvisibility=hidden  -O3 -DNDEBUG  -DNDEBUG -fPIE -o CMakeFiles/cmTC_f2067.dir/CheckIncludeFile.c.o -c /home/razanh/Inmind/WebRTC/ros2_bags_stream_via_webrtc/build/CMakeFiles/CMakeTmp/CheckIncludeFile.c
Linking C executable cmTC_f2067
/usr/bin/cmake -E cmake_link_script CMakeFiles/cmTC_f2067.dir/link.txt --verbose=1
/usr/bin/cc    -fsigned-char -W -Wall -Wreturn-type -Waddress -Wsequence-point -Wformat -Wformat-security -Wmissing-declarations -Wmissing-prototypes -Wstrict-prototypes -Wundef -Winit-self -Wpointer-arith -Wshadow -Wuninitialized -Wno-comment -Wimplicit-fallthrough=3 -Wno-strict-overflow -fdiagnostics-show-option -Wno-long-long -pthread -fomit-frame-pointer -ffunction-sections -fdata-sections  -msse -msse2 -msse3 -fvisibility=hidden  -O3 -DNDEBUG  -DNDEBUG   -Wl,--gc-sections -Wl,--as-needed -Wl,--no-undefined  CMakeFiles/cmTC_f2067.dir/CheckIncludeFile.c.o -o cmTC_f2067 
gmake[1]: Leaving directory '/home/razanh/Inmind/WebRTC/ros2_bags_stream_via_webrtc/build/CMakeFiles/CMakeTmp'



Determining if the include file fcntl.h exists passed with the following output:
Change Dir: /home/razanh/Inmind/WebRTC/ros2_bags_stream_via_webrtc/build/CMakeFiles/CMakeTmp

Run Build Command(s):/usr/bin/gmake -f Makefile cmTC_e50df/fast && /usr/bin/gmake  -f CMakeFiles/cmTC_e50df.dir/build.make CMakeFiles/cmTC_e50df.dir/build
gmake[1]: Entering directory '/home/razanh/Inmind/WebRTC/ros2_bags_stream_via_webrtc/build/CMakeFiles/CMakeTmp'
Building C object CMakeFiles/cmTC_e50df.dir/CheckIncludeFile.c.o
/usr/bin/cc   -fsigned-char -W -Wall -Wreturn-type -Waddress -Wsequence-point -Wformat -Wformat-security -Wmissing-declarations -Wmissing-prototypes -Wstrict-prototypes -Wundef -Winit-self -Wpointer-arith -Wshadow -Wuninitialized -Wno-comment -Wimplicit-fallthrough=3 -Wno-strict-overflow -fdiagnostics-show-option -Wno-long-long -pthread -fomit-frame-pointer -ffunction-sections -fdata-sections  -msse -msse2 -msse3 -fvisibility=hidden  -O3 -DNDEBUG  -DNDEBUG -fPIE -o CMakeFiles/cmTC_e50df.dir/CheckIncludeFile.c.o -c /home/razanh/Inmind/WebRTC/ros2_bags_stream_via_webrtc/build/CMakeFiles/CMakeTmp/CheckIncludeFile.c
Linking C executable cmTC_e50df
/usr/bin/cmake -E cmake_link_script CMakeFiles/cmTC_e50df.dir/link.txt --verbose=1
/usr/bin/cc    -fsigned-char -W -Wall -Wreturn-type -Waddress -Wsequence-point -Wformat -Wformat-security -Wmissing-declarations -Wmissing-prototypes -Wstrict-prototypes -Wundef -Winit-self -Wpointer-arith -Wshadow -Wuninitialized -Wno-comment -Wimplicit-fallthrough=3 -Wno-strict-overflow -fdiagnostics-show-option -Wno-long-long -pthread -fomit-frame-pointer -ffunction-sections -fdata-sections  -msse -msse2 -msse3 -fvisibility=hidden  -O3 -DNDEBUG  -DNDEBUG   -Wl,--gc-sections -Wl,--as-needed -Wl,--no-undefined  CMakeFiles/cmTC_e50df.dir/CheckIncludeFile.c.o -o cmTC_e50df 
gmake[1]: Leaving directory '/home/razanh/Inmind/WebRTC/ros2_bags_stream_via_webrtc/build/CMakeFiles/CMakeTmp'



Determining if the include file inttypes.h exists passed with the following output:
Change Dir: /home/razanh/Inmind/WebRTC/ros2_bags_stream_via_webrtc/build/CMakeFiles/CMakeTmp

Run Build Command(s):/usr/bin/gmake -f Makefile cmTC_68235/fast && /usr/bin/gmake  -f CMakeFiles/cmTC_68235.dir/build.make CMakeFiles/cmTC_68235.dir/build
gmake[1]: Entering directory '/home/razanh/Inmind/WebRTC/ros2_bags_stream_via_webrtc/build/CMakeFiles/CMakeTmp'
Building C object CMakeFiles/cmTC_68235.dir/CheckIncludeFile.c.o
/usr/bin/cc   -fsigned-char -W -Wall -Wreturn-type -Waddress -Wsequence-point -Wformat -Wformat-security -Wmissing-declarations -Wmissing-prototypes -Wstrict-prototypes -Wundef -Winit-self -Wpointer-arith -Wshadow -Wuninitialized -Wno-comment -Wimplicit-fallthrough=3 -Wno-strict-overflow -fdiagnostics-show-option -Wno-long-long -pthread -fomit-frame-pointer -ffunction-sections -fdata-sections  -msse -msse2 -msse3 -fvisibility=hidden  -O3 -DNDEBUG  -DNDEBUG -fPIE -o CMakeFiles/cmTC_68235.dir/CheckIncludeFile.c.o -c /home/razanh/Inmind/WebRTC/ros2_bags_stream_via_webrtc/build/CMakeFiles/CMakeTmp/CheckIncludeFile.c
Linking C executable cmTC_68235
/usr/bin/cmake -E cmake_link_script CMakeFiles/cmTC_68235.dir/link.txt --verbose=1
/usr/bin/cc    -fsigned-char -W -Wall -Wreturn-type -Waddress -Wsequence-point -Wformat -Wformat-security -Wmissing-declarations -Wmissing-prototypes -Wstrict-prototypes -Wundef -Winit-self -Wpointer-arith -Wshadow -Wuninitialized -Wno-comment -Wimplicit-fallthrough=3 -Wno-strict-overflow -fdiagnostics-show-option -Wno-long-long -pthread -fomit-frame-pointer -ffunction-sections -fdata-sections  -msse -msse2 -msse3 -fvisibility=hidden  -O3 -DNDEBUG  -DNDEBUG   -Wl,--gc-sections -Wl,--as-needed -Wl,--no-undefined  CMakeFiles/cmTC_68235.dir/CheckIncludeFile.c.o -o cmTC_68235 
gmake[1]: Leaving directory '/home/razanh/Inmind/WebRTC/ros2_bags_stream_via_webrtc/build/CMakeFiles/CMakeTmp'



Determining if the include file limits.h exists passed with the following output:
Change Dir: /home/razanh/Inmind/WebRTC/ros2_bags_stream_via_webrtc/build/CMakeFiles/CMakeTmp

Run Build Command(s):/usr/bin/gmake -f Makefile cmTC_b7baf/fast && /usr/bin/gmake  -f CMakeFiles/cmTC_b7baf.dir/build.make CMakeFiles/cmTC_b7baf.dir/build
gmake[1]: Entering directory '/home/razanh/Inmind/WebRTC/ros2_bags_stream_via_webrtc/build/CMakeFiles/CMakeTmp'
Building C object CMakeFiles/cmTC_b7baf.dir/CheckIncludeFile.c.o
/usr/bin/cc   -fsigned-char -W -Wall -Wreturn-type -Waddress -Wsequence-point -Wformat -Wformat-security -Wmissing-declarations -Wmissing-prototypes -Wstrict-prototypes -Wundef -Winit-self -Wpointer-arith -Wshadow -Wuninitialized -Wno-comment -Wimplicit-fallthrough=3 -Wno-strict-overflow -fdiagnostics-show-option -Wno-long-long -pthread -fomit-frame-pointer -ffunction-sections -fdata-sections  -msse -msse2 -msse3 -fvisibility=hidden  -O3 -DNDEBUG  -DNDEBUG -fPIE -o CMakeFiles/cmTC_b7baf.dir/CheckIncludeFile.c.o -c /home/razanh/Inmind/WebRTC/ros2_bags_stream_via_webrtc/build/CMakeFiles/CMakeTmp/CheckIncludeFile.c
Linking C executable cmTC_b7baf
/usr/bin/cmake -E cmake_link_script CMakeFiles/cmTC_b7baf.dir/link.txt --verbose=1
/usr/bin/cc    -fsigned-char -W -Wall -Wreturn-type -Waddress -Wsequence-point -Wformat -Wformat-security -Wmissing-declarations -Wmissing-prototypes -Wstrict-prototypes -Wundef -Winit-self -Wpointer-arith -Wshadow -Wuninitialized -Wno-comment -Wimplicit-fallthrough=3 -Wno-strict-overflow -fdiagnostics-show-option -Wno-long-long -pthread -fomit-frame-pointer -ffunction-sections -fdata-sections  -msse -msse2 -msse3 -fvisibility=hidden  -O3 -DNDEBUG  -DNDEBUG   -Wl,--gc-sections -Wl,--as-needed -Wl,--no-undefined  CMakeFiles/cmTC_b7baf.dir/CheckIncludeFile.c.o -o cmTC_b7baf 
gmake[1]: Leaving directory '/home/razanh/Inmind/WebRTC/ros2_bags_stream_via_webrtc/build/CMakeFiles/CMakeTmp'



Determining if the include file memory.h exists passed with the following output:
Change Dir: /home/razanh/Inmind/WebRTC/ros2_bags_stream_via_webrtc/build/CMakeFiles/CMakeTmp

Run Build Command(s):/usr/bin/gmake -f Makefile cmTC_c2b2e/fast && /usr/bin/gmake  -f CMakeFiles/cmTC_c2b2e.dir/build.make CMakeFiles/cmTC_c2b2e.dir/build
gmake[1]: Entering directory '/home/razanh/Inmind/WebRTC/ros2_bags_stream_via_webrtc/build/CMakeFiles/CMakeTmp'
Building C object CMakeFiles/cmTC_c2b2e.dir/CheckIncludeFile.c.o
/usr/bin/cc   -fsigned-char -W -Wall -Wreturn-type -Waddress -Wsequence-point -Wformat -Wformat-security -Wmissing-declarations -Wmissing-prototypes -Wstrict-prototypes -Wundef -Winit-self -Wpointer-arith -Wshadow -Wuninitialized -Wno-comment -Wimplicit-fallthrough=3 -Wno-strict-overflow -fdiagnostics-show-option -Wno-long-long -pthread -fomit-frame-pointer -ffunction-sections -fdata-sections  -msse -msse2 -msse3 -fvisibility=hidden  -O3 -DNDEBUG  -DNDEBUG -fPIE -o CMakeFiles/cmTC_c2b2e.dir/CheckIncludeFile.c.o -c /home/razanh/Inmind/WebRTC/ros2_bags_stream_via_webrtc/build/CMakeFiles/CMakeTmp/CheckIncludeFile.c
Linking C executable cmTC_c2b2e
/usr/bin/cmake -E cmake_link_script CMakeFiles/cmTC_c2b2e.dir/link.txt --verbose=1
/usr/bin/cc    -fsigned-char -W -Wall -Wreturn-type -Waddress -Wsequence-point -Wformat -Wformat-security -Wmissing-declarations -Wmissing-prototypes -Wstrict-prototypes -Wundef -Winit-self -Wpointer-arith -Wshadow -Wuninitialized -Wno-comment -Wimplicit-fallthrough=3 -Wno-strict-overflow -fdiagnostics-show-option -Wno-long-long -pthread -fomit-frame-pointer -ffunction-sections -fdata-sections  -msse -msse2 -msse3 -fvisibility=hidden  -O3 -DNDEBUG  -DNDEBUG   -Wl,--gc-sections -Wl,--as-needed -Wl,--no-undefined  CMakeFiles/cmTC_c2b2e.dir/CheckIncludeFile.c.o -o cmTC_c2b2e 
gmake[1]: Leaving directory '/home/razanh/Inmind/WebRTC/ros2_bags_stream_via_webrtc/build/CMakeFiles/CMakeTmp'



Determining if the include file search.h exists passed with the following output:
Change Dir: /home/razanh/Inmind/WebRTC/ros2_bags_stream_via_webrtc/build/CMakeFiles/CMakeTmp

Run Build Command(s):/usr/bin/gmake -f Makefile cmTC_555e8/fast && /usr/bin/gmake  -f CMakeFiles/cmTC_555e8.dir/build.make CMakeFiles/cmTC_555e8.dir/build
gmake[1]: Entering directory '/home/razanh/Inmind/WebRTC/ros2_bags_stream_via_webrtc/build/CMakeFiles/CMakeTmp'
Building C object CMakeFiles/cmTC_555e8.dir/CheckIncludeFile.c.o
/usr/bin/cc   -fsigned-char -W -Wall -Wreturn-type -Waddress -Wsequence-point -Wformat -Wformat-security -Wmissing-declarations -Wmissing-prototypes -Wstrict-prototypes -Wundef -Winit-self -Wpointer-arith -Wshadow -Wuninitialized -Wno-comment -Wimplicit-fallthrough=3 -Wno-strict-overflow -fdiagnostics-show-option -Wno-long-long -pthread -fomit-frame-pointer -ffunction-sections -fdata-sections  -msse -msse2 -msse3 -fvisibility=hidden  -O3 -DNDEBUG  -DNDEBUG -fPIE -o CMakeFiles/cmTC_555e8.dir/CheckIncludeFile.c.o -c /home/razanh/Inmind/WebRTC/ros2_bags_stream_via_webrtc/build/CMakeFiles/CMakeTmp/CheckIncludeFile.c
Linking C executable cmTC_555e8
/usr/bin/cmake -E cmake_link_script CMakeFiles/cmTC_555e8.dir/link.txt --verbose=1
/usr/bin/cc    -fsigned-char -W -Wall -Wreturn-type -Waddress -Wsequence-point -Wformat -Wformat-security -Wmissing-declarations -Wmissing-prototypes -Wstrict-prototypes -Wundef -Winit-self -Wpointer-arith -Wshadow -Wuninitialized -Wno-comment -Wimplicit-fallthrough=3 -Wno-strict-overflow -fdiagnostics-show-option -Wno-long-long -pthread -fomit-frame-pointer -ffunction-sections -fdata-sections  -msse -msse2 -msse3 -fvisibility=hidden  -O3 -DNDEBUG  -DNDEBUG   -Wl,--gc-sections -Wl,--as-needed -Wl,--no-undefined  CMakeFiles/cmTC_555e8.dir/CheckIncludeFile.c.o -o cmTC_555e8 
gmake[1]: Leaving directory '/home/razanh/Inmind/WebRTC/ros2_bags_stream_via_webrtc/build/CMakeFiles/CMakeTmp'



Determining if the include file string.h exists passed with the following output:
Change Dir: /home/razanh/Inmind/WebRTC/ros2_bags_stream_via_webrtc/build/CMakeFiles/CMakeTmp

Run Build Command(s):/usr/bin/gmake -f Makefile cmTC_504f8/fast && /usr/bin/gmake  -f CMakeFiles/cmTC_504f8.dir/build.make CMakeFiles/cmTC_504f8.dir/build
gmake[1]: Entering directory '/home/razanh/Inmind/WebRTC/ros2_bags_stream_via_webrtc/build/CMakeFiles/CMakeTmp'
Building C object CMakeFiles/cmTC_504f8.dir/CheckIncludeFile.c.o
/usr/bin/cc   -fsigned-char -W -Wall -Wreturn-type -Waddress -Wsequence-point -Wformat -Wformat-security -Wmissing-declarations -Wmissing-prototypes -Wstrict-prototypes -Wundef -Winit-self -Wpointer-arith -Wshadow -Wuninitialized -Wno-comment -Wimplicit-fallthrough=3 -Wno-strict-overflow -fdiagnostics-show-option -Wno-long-long -pthread -fomit-frame-pointer -ffunction-sections -fdata-sections  -msse -msse2 -msse3 -fvisibility=hidden  -O3 -DNDEBUG  -DNDEBUG -fPIE -o CMakeFiles/cmTC_504f8.dir/CheckIncludeFile.c.o -c /home/razanh/Inmind/WebRTC/ros2_bags_stream_via_webrtc/build/CMakeFiles/CMakeTmp/CheckIncludeFile.c
Linking C executable cmTC_504f8
/usr/bin/cmake -E cmake_link_script CMakeFiles/cmTC_504f8.dir/link.txt --verbose=1
/usr/bin/cc    -fsigned-char -W -Wall -Wreturn-type -Waddress -Wsequence-point -Wformat -Wformat-security -Wmissing-declarations -Wmissing-prototypes -Wstrict-prototypes -Wundef -Winit-self -Wpointer-arith -Wshadow -Wuninitialized -Wno-comment -Wimplicit-fallthrough=3 -Wno-strict-overflow -fdiagnostics-show-option -Wno-long-long -pthread -fomit-frame-pointer -ffunction-sections -fdata-sections  -msse -msse2 -msse3 -fvisibility=hidden  -O3 -DNDEBUG  -DNDEBUG   -Wl,--gc-sections -Wl,--as-needed -Wl,--no-undefined  CMakeFiles/cmTC_504f8.dir/CheckIncludeFile.c.o -o cmTC_504f8 
gmake[1]: Leaving directory '/home/razanh/Inmind/WebRTC/ros2_bags_stream_via_webrtc/build/CMakeFiles/CMakeTmp'



Determining if the include file strings.h exists passed with the following output:
Change Dir: /home/razanh/Inmind/WebRTC/ros2_bags_stream_via_webrtc/build/CMakeFiles/CMakeTmp

Run Build Command(s):/usr/bin/gmake -f Makefile cmTC_8037f/fast && /usr/bin/gmake  -f CMakeFiles/cmTC_8037f.dir/build.make CMakeFiles/cmTC_8037f.dir/build
gmake[1]: Entering directory '/home/razanh/Inmind/WebRTC/ros2_bags_stream_via_webrtc/build/CMakeFiles/CMakeTmp'
Building C object CMakeFiles/cmTC_8037f.dir/CheckIncludeFile.c.o
/usr/bin/cc   -fsigned-char -W -Wall -Wreturn-type -Waddress -Wsequence-point -Wformat -Wformat-security -Wmissing-declarations -Wmissing-prototypes -Wstrict-prototypes -Wundef -Winit-self -Wpointer-arith -Wshadow -Wuninitialized -Wno-comment -Wimplicit-fallthrough=3 -Wno-strict-overflow -fdiagnostics-show-option -Wno-long-long -pthread -fomit-frame-pointer -ffunction-sections -fdata-sections  -msse -msse2 -msse3 -fvisibility=hidden  -O3 -DNDEBUG  -DNDEBUG -fPIE -o CMakeFiles/cmTC_8037f.dir/CheckIncludeFile.c.o -c /home/razanh/Inmind/WebRTC/ros2_bags_stream_via_webrtc/build/CMakeFiles/CMakeTmp/CheckIncludeFile.c
Linking C executable cmTC_8037f
/usr/bin/cmake -E cmake_link_script CMakeFiles/cmTC_8037f.dir/link.txt --verbose=1
/usr/bin/cc    -fsigned-char -W -Wall -Wreturn-type -Waddress -Wsequence-point -Wformat -Wformat-security -Wmissing-declarations -Wmissing-prototypes -Wstrict-prototypes -Wundef -Winit-self -Wpointer-arith -Wshadow -Wuninitialized -Wno-comment -Wimplicit-fallthrough=3 -Wno-strict-overflow -fdiagnostics-show-option -Wno-long-long -pthread -fomit-frame-pointer -ffunction-sections -fdata-sections  -msse -msse2 -msse3 -fvisibility=hidden  -O3 -DNDEBUG  -DNDEBUG   -Wl,--gc-sections -Wl,--as-needed -Wl,--no-undefined  CMakeFiles/cmTC_8037f.dir/CheckIncludeFile.c.o -o cmTC_8037f 
gmake[1]: Leaving directory '/home/razanh/Inmind/WebRTC/ros2_bags_stream_via_webrtc/build/CMakeFiles/CMakeTmp'



Determining if the include file sys/time.h exists passed with the following output:
Change Dir: /home/razanh/Inmind/WebRTC/ros2_bags_stream_via_webrtc/build/CMakeFiles/CMakeTmp

Run Build Command(s):/usr/bin/gmake -f Makefile cmTC_90e21/fast && /usr/bin/gmake  -f CMakeFiles/cmTC_90e21.dir/build.make CMakeFiles/cmTC_90e21.dir/build
gmake[1]: Entering directory '/home/razanh/Inmind/WebRTC/ros2_bags_stream_via_webrtc/build/CMakeFiles/CMakeTmp'
Building C object CMakeFiles/cmTC_90e21.dir/CheckIncludeFile.c.o
/usr/bin/cc   -fsigned-char -W -Wall -Wreturn-type -Waddress -Wsequence-point -Wformat -Wformat-security -Wmissing-declarations -Wmissing-prototypes -Wstrict-prototypes -Wundef -Winit-self -Wpointer-arith -Wshadow -Wuninitialized -Wno-comment -Wimplicit-fallthrough=3 -Wno-strict-overflow -fdiagnostics-show-option -Wno-long-long -pthread -fomit-frame-pointer -ffunction-sections -fdata-sections  -msse -msse2 -msse3 -fvisibility=hidden  -O3 -DNDEBUG  -DNDEBUG -fPIE -o CMakeFiles/cmTC_90e21.dir/CheckIncludeFile.c.o -c /home/razanh/Inmind/WebRTC/ros2_bags_stream_via_webrtc/build/CMakeFiles/CMakeTmp/CheckIncludeFile.c
Linking C executable cmTC_90e21
/usr/bin/cmake -E cmake_link_script CMakeFiles/cmTC_90e21.dir/link.txt --verbose=1
/usr/bin/cc    -fsigned-char -W -Wall -Wreturn-type -Waddress -Wsequence-point -Wformat -Wformat-security -Wmissing-declarations -Wmissing-prototypes -Wstrict-prototypes -Wundef -Winit-self -Wpointer-arith -Wshadow -Wuninitialized -Wno-comment -Wimplicit-fallthrough=3 -Wno-strict-overflow -fdiagnostics-show-option -Wno-long-long -pthread -fomit-frame-pointer -ffunction-sections -fdata-sections  -msse -msse2 -msse3 -fvisibility=hidden  -O3 -DNDEBUG  -DNDEBUG   -Wl,--gc-sections -Wl,--as-needed -Wl,--no-undefined  CMakeFiles/cmTC_90e21.dir/CheckIncludeFile.c.o -o cmTC_90e21 
gmake[1]: Leaving directory '/home/razanh/Inmind/WebRTC/ros2_bags_stream_via_webrtc/build/CMakeFiles/CMakeTmp'



Determining if the include file unistd.h exists passed with the following output:
Change Dir: /home/razanh/Inmind/WebRTC/ros2_bags_stream_via_webrtc/build/CMakeFiles/CMakeTmp

Run Build Command(s):/usr/bin/gmake -f Makefile cmTC_26f42/fast && /usr/bin/gmake  -f CMakeFiles/cmTC_26f42.dir/build.make CMakeFiles/cmTC_26f42.dir/build
gmake[1]: Entering directory '/home/razanh/Inmind/WebRTC/ros2_bags_stream_via_webrtc/build/CMakeFiles/CMakeTmp'
Building C object CMakeFiles/cmTC_26f42.dir/CheckIncludeFile.c.o
/usr/bin/cc   -fsigned-char -W -Wall -Wreturn-type -Waddress -Wsequence-point -Wformat -Wformat-security -Wmissing-declarations -Wmissing-prototypes -Wstrict-prototypes -Wundef -Winit-self -Wpointer-arith -Wshadow -Wuninitialized -Wno-comment -Wimplicit-fallthrough=3 -Wno-strict-overflow -fdiagnostics-show-option -Wno-long-long -pthread -fomit-frame-pointer -ffunction-sections -fdata-sections  -msse -msse2 -msse3 -fvisibility=hidden  -O3 -DNDEBUG  -DNDEBUG -fPIE -o CMakeFiles/cmTC_26f42.dir/CheckIncludeFile.c.o -c /home/razanh/Inmind/WebRTC/ros2_bags_stream_via_webrtc/build/CMakeFiles/CMakeTmp/CheckIncludeFile.c
Linking C executable cmTC_26f42
/usr/bin/cmake -E cmake_link_script CMakeFiles/cmTC_26f42.dir/link.txt --verbose=1
/usr/bin/cc    -fsigned-char -W -Wall -Wreturn-type -Waddress -Wsequence-point -Wformat -Wformat-security -Wmissing-declarations -Wmissing-prototypes -Wstrict-prototypes -Wundef -Winit-self -Wpointer-arith -Wshadow -Wuninitialized -Wno-comment -Wimplicit-fallthrough=3 -Wno-strict-overflow -fdiagnostics-show-option -Wno-long-long -pthread -fomit-frame-pointer -ffunction-sections -fdata-sections  -msse -msse2 -msse3 -fvisibility=hidden  -O3 -DNDEBUG  -DNDEBUG   -Wl,--gc-sections -Wl,--as-needed -Wl,--no-undefined  CMakeFiles/cmTC_26f42.dir/CheckIncludeFile.c.o -o cmTC_26f42 
gmake[1]: Leaving directory '/home/razanh/Inmind/WebRTC/ros2_bags_stream_via_webrtc/build/CMakeFiles/CMakeTmp'



Performing C SOURCE FILE Test C_HAS_inline succeeded with the following output:
Change Dir: /home/razanh/Inmind/WebRTC/ros2_bags_stream_via_webrtc/build/CMakeFiles/CMakeTmp

Run Build Command(s):/usr/bin/gmake -f Makefile cmTC_b092b/fast && /usr/bin/gmake  -f CMakeFiles/cmTC_b092b.dir/build.make CMakeFiles/cmTC_b092b.dir/build
gmake[1]: Entering directory '/home/razanh/Inmind/WebRTC/ros2_bags_stream_via_webrtc/build/CMakeFiles/CMakeTmp'
Building C object CMakeFiles/cmTC_b092b.dir/src.c.o
/usr/bin/cc -DC_HAS_inline -Dinline=inline  -fsigned-char -W -Wall -Wreturn-type -Waddress -Wsequence-point -Wformat -Wformat-security -Wmissing-declarations -Wmissing-prototypes -Wstrict-prototypes -Wundef -Winit-self -Wpointer-arith -Wshadow -Wuninitialized -Wno-comment -Wimplicit-fallthrough=3 -Wno-strict-overflow -fdiagnostics-show-option -Wno-long-long -pthread -fomit-frame-pointer -ffunction-sections -fdata-sections  -msse -msse2 -msse3 -fvisibility=hidden  -O3 -DNDEBUG  -DNDEBUG -fPIE -o CMakeFiles/cmTC_b092b.dir/src.c.o -c /home/razanh/Inmind/WebRTC/ros2_bags_stream_via_webrtc/build/CMakeFiles/CMakeTmp/src.c
/home/razanh/Inmind/WebRTC/ros2_bags_stream_via_webrtc/build/CMakeFiles/CMakeTmp/src.c:3:29: warning: function declaration isn’t a prototype [-Wstrict-prototypes]
    3 |         static inline foo_t static_foo() {return 0;}
      |                             ^~~~~~~~~~
/home/razanh/Inmind/WebRTC/ros2_bags_stream_via_webrtc/build/CMakeFiles/CMakeTmp/src.c:4:15: warning: function declaration isn’t a prototype [-Wstrict-prototypes]
    4 |         foo_t foo(){return 0;}
      |               ^~~
/home/razanh/Inmind/WebRTC/ros2_bags_stream_via_webrtc/build/CMakeFiles/CMakeTmp/src.c: In function ‘main’:
/home/razanh/Inmind/WebRTC/ros2_bags_stream_via_webrtc/build/CMakeFiles/CMakeTmp/src.c:5:22: warning: unused parameter ‘argc’ [-Wunused-parameter]
    5 |         int main(int argc, char *argv[]) {return 0;}
      |                  ~~~~^~~~
/home/razanh/Inmind/WebRTC/ros2_bags_stream_via_webrtc/build/CMakeFiles/CMakeTmp/src.c:5:34: warning: unused parameter ‘argv’ [-Wunused-parameter]
    5 |         int main(int argc, char *argv[]) {return 0;}
      |                            ~~~~~~^~~~~~
Linking C executable cmTC_b092b
/usr/bin/cmake -E cmake_link_script CMakeFiles/cmTC_b092b.dir/link.txt --verbose=1
/usr/bin/cc    -fsigned-char -W -Wall -Wreturn-type -Waddress -Wsequence-point -Wformat -Wformat-security -Wmissing-declarations -Wmissing-prototypes -Wstrict-prototypes -Wundef -Winit-self -Wpointer-arith -Wshadow -Wuninitialized -Wno-comment -Wimplicit-fallthrough=3 -Wno-strict-overflow -fdiagnostics-show-option -Wno-long-long -pthread -fomit-frame-pointer -ffunction-sections -fdata-sections  -msse -msse2 -msse3 -fvisibility=hidden  -O3 -DNDEBUG  -DNDEBUG   -Wl,--gc-sections -Wl,--as-needed -Wl,--no-undefined  CMakeFiles/cmTC_b092b.dir/src.c.o -o cmTC_b092b 
gmake[1]: Leaving directory '/home/razanh/Inmind/WebRTC/ros2_bags_stream_via_webrtc/build/CMakeFiles/CMakeTmp'


Source file was:

        typedef int foo_t;
        static inline foo_t static_foo() {return 0;}
        foo_t foo(){return 0;}
        int main(int argc, char *argv[]) {return 0;}
Determining size of signed short passed with the following output:
Change Dir: /home/razanh/Inmind/WebRTC/ros2_bags_stream_via_webrtc/build/CMakeFiles/CMakeTmp

Run Build Command(s):/usr/bin/gmake -f Makefile cmTC_08ce0/fast && /usr/bin/gmake  -f CMakeFiles/cmTC_08ce0.dir/build.make CMakeFiles/cmTC_08ce0.dir/build
gmake[1]: Entering directory '/home/razanh/Inmind/WebRTC/ros2_bags_stream_via_webrtc/build/CMakeFiles/CMakeTmp'
Building C object CMakeFiles/cmTC_08ce0.dir/SIZEOF_SIGNED_SHORT.c.o
/usr/bin/cc   -fsigned-char -W -Wall -Wreturn-type -Waddress -Wsequence-point -Wformat -Wformat-security -Wmissing-declarations -Wmissing-prototypes -Wstrict-prototypes -Wundef -Winit-self -Wpointer-arith -Wshadow -Wuninitialized -Wno-comment -Wimplicit-fallthrough=3 -Wno-strict-overflow -fdiagnostics-show-option -Wno-long-long -pthread -fomit-frame-pointer -ffunction-sections -fdata-sections  -msse -msse2 -msse3 -fvisibility=hidden  -O3 -DNDEBUG  -DNDEBUG -fPIE -o CMakeFiles/cmTC_08ce0.dir/SIZEOF_SIGNED_SHORT.c.o -c /home/razanh/Inmind/WebRTC/ros2_bags_stream_via_webrtc/build/CMakeFiles/CheckTypeSize/SIZEOF_SIGNED_SHORT.c
Linking C executable cmTC_08ce0
/usr/bin/cmake -E cmake_link_script CMakeFiles/cmTC_08ce0.dir/link.txt --verbose=1
/usr/bin/cc    -fsigned-char -W -Wall -Wreturn-type -Waddress -Wsequence-point -Wformat -Wformat-security -Wmissing-declarations -Wmissing-prototypes -Wstrict-prototypes -Wundef -Winit-self -Wpointer-arith -Wshadow -Wuninitialized -Wno-comment -Wimplicit-fallthrough=3 -Wno-strict-overflow -fdiagnostics-show-option -Wno-long-long -pthread -fomit-frame-pointer -ffunction-sections -fdata-sections  -msse -msse2 -msse3 -fvisibility=hidden  -O3 -DNDEBUG  -DNDEBUG   -Wl,--gc-sections -Wl,--as-needed -Wl,--no-undefined  CMakeFiles/cmTC_08ce0.dir/SIZEOF_SIGNED_SHORT.c.o -o cmTC_08ce0 
gmake[1]: Leaving directory '/home/razanh/Inmind/WebRTC/ros2_bags_stream_via_webrtc/build/CMakeFiles/CMakeTmp'



Determining size of unsigned short passed with the following output:
Change Dir: /home/razanh/Inmind/WebRTC/ros2_bags_stream_via_webrtc/build/CMakeFiles/CMakeTmp

Run Build Command(s):/usr/bin/gmake -f Makefile cmTC_94b5f/fast && /usr/bin/gmake  -f CMakeFiles/cmTC_94b5f.dir/build.make CMakeFiles/cmTC_94b5f.dir/build
gmake[1]: Entering directory '/home/razanh/Inmind/WebRTC/ros2_bags_stream_via_webrtc/build/CMakeFiles/CMakeTmp'
Building C object CMakeFiles/cmTC_94b5f.dir/SIZEOF_UNSIGNED_SHORT.c.o
/usr/bin/cc   -fsigned-char -W -Wall -Wreturn-type -Waddress -Wsequence-point -Wformat -Wformat-security -Wmissing-declarations -Wmissing-prototypes -Wstrict-prototypes -Wundef -Winit-self -Wpointer-arith -Wshadow -Wuninitialized -Wno-comment -Wimplicit-fallthrough=3 -Wno-strict-overflow -fdiagnostics-show-option -Wno-long-long -pthread -fomit-frame-pointer -ffunction-sections -fdata-sections  -msse -msse2 -msse3 -fvisibility=hidden  -O3 -DNDEBUG  -DNDEBUG -fPIE -o CMakeFiles/cmTC_94b5f.dir/SIZEOF_UNSIGNED_SHORT.c.o -c /home/razanh/Inmind/WebRTC/ros2_bags_stream_via_webrtc/build/CMakeFiles/CheckTypeSize/SIZEOF_UNSIGNED_SHORT.c
Linking C executable cmTC_94b5f
/usr/bin/cmake -E cmake_link_script CMakeFiles/cmTC_94b5f.dir/link.txt --verbose=1
/usr/bin/cc    -fsigned-char -W -Wall -Wreturn-type -Waddress -Wsequence-point -Wformat -Wformat-security -Wmissing-declarations -Wmissing-prototypes -Wstrict-prototypes -Wundef -Winit-self -Wpointer-arith -Wshadow -Wuninitialized -Wno-comment -Wimplicit-fallthrough=3 -Wno-strict-overflow -fdiagnostics-show-option -Wno-long-long -pthread -fomit-frame-pointer -ffunction-sections -fdata-sections  -msse -msse2 -msse3 -fvisibility=hidden  -O3 -DNDEBUG  -DNDEBUG   -Wl,--gc-sections -Wl,--as-needed -Wl,--no-undefined  CMakeFiles/cmTC_94b5f.dir/SIZEOF_UNSIGNED_SHORT.c.o -o cmTC_94b5f 
gmake[1]: Leaving directory '/home/razanh/Inmind/WebRTC/ros2_bags_stream_via_webrtc/build/CMakeFiles/CMakeTmp'



Determining size of signed int passed with the following output:
Change Dir: /home/razanh/Inmind/WebRTC/ros2_bags_stream_via_webrtc/build/CMakeFiles/CMakeTmp

Run Build Command(s):/usr/bin/gmake -f Makefile cmTC_c46c3/fast && /usr/bin/gmake  -f CMakeFiles/cmTC_c46c3.dir/build.make CMakeFiles/cmTC_c46c3.dir/build
gmake[1]: Entering directory '/home/razanh/Inmind/WebRTC/ros2_bags_stream_via_webrtc/build/CMakeFiles/CMakeTmp'
Building C object CMakeFiles/cmTC_c46c3.dir/SIZEOF_SIGNED_INT.c.o
/usr/bin/cc   -fsigned-char -W -Wall -Wreturn-type -Waddress -Wsequence-point -Wformat -Wformat-security -Wmissing-declarations -Wmissing-prototypes -Wstrict-prototypes -Wundef -Winit-self -Wpointer-arith -Wshadow -Wuninitialized -Wno-comment -Wimplicit-fallthrough=3 -Wno-strict-overflow -fdiagnostics-show-option -Wno-long-long -pthread -fomit-frame-pointer -ffunction-sections -fdata-sections  -msse -msse2 -msse3 -fvisibility=hidden  -O3 -DNDEBUG  -DNDEBUG -fPIE -o CMakeFiles/cmTC_c46c3.dir/SIZEOF_SIGNED_INT.c.o -c /home/razanh/Inmind/WebRTC/ros2_bags_stream_via_webrtc/build/CMakeFiles/CheckTypeSize/SIZEOF_SIGNED_INT.c
Linking C executable cmTC_c46c3
/usr/bin/cmake -E cmake_link_script CMakeFiles/cmTC_c46c3.dir/link.txt --verbose=1
/usr/bin/cc    -fsigned-char -W -Wall -Wreturn-type -Waddress -Wsequence-point -Wformat -Wformat-security -Wmissing-declarations -Wmissing-prototypes -Wstrict-prototypes -Wundef -Winit-self -Wpointer-arith -Wshadow -Wuninitialized -Wno-comment -Wimplicit-fallthrough=3 -Wno-strict-overflow -fdiagnostics-show-option -Wno-long-long -pthread -fomit-frame-pointer -ffunction-sections -fdata-sections  -msse -msse2 -msse3 -fvisibility=hidden  -O3 -DNDEBUG  -DNDEBUG   -Wl,--gc-sections -Wl,--as-needed -Wl,--no-undefined  CMakeFiles/cmTC_c46c3.dir/SIZEOF_SIGNED_INT.c.o -o cmTC_c46c3 
gmake[1]: Leaving directory '/home/razanh/Inmind/WebRTC/ros2_bags_stream_via_webrtc/build/CMakeFiles/CMakeTmp'



Determining size of unsigned int passed with the following output:
Change Dir: /home/razanh/Inmind/WebRTC/ros2_bags_stream_via_webrtc/build/CMakeFiles/CMakeTmp

Run Build Command(s):/usr/bin/gmake -f Makefile cmTC_800c9/fast && /usr/bin/gmake  -f CMakeFiles/cmTC_800c9.dir/build.make CMakeFiles/cmTC_800c9.dir/build
gmake[1]: Entering directory '/home/razanh/Inmind/WebRTC/ros2_bags_stream_via_webrtc/build/CMakeFiles/CMakeTmp'
Building C object CMakeFiles/cmTC_800c9.dir/SIZEOF_UNSIGNED_INT.c.o
/usr/bin/cc   -fsigned-char -W -Wall -Wreturn-type -Waddress -Wsequence-point -Wformat -Wformat-security -Wmissing-declarations -Wmissing-prototypes -Wstrict-prototypes -Wundef -Winit-self -Wpointer-arith -Wshadow -Wuninitialized -Wno-comment -Wimplicit-fallthrough=3 -Wno-strict-overflow -fdiagnostics-show-option -Wno-long-long -pthread -fomit-frame-pointer -ffunction-sections -fdata-sections  -msse -msse2 -msse3 -fvisibility=hidden  -O3 -DNDEBUG  -DNDEBUG -fPIE -o CMakeFiles/cmTC_800c9.dir/SIZEOF_UNSIGNED_INT.c.o -c /home/razanh/Inmind/WebRTC/ros2_bags_stream_via_webrtc/build/CMakeFiles/CheckTypeSize/SIZEOF_UNSIGNED_INT.c
Linking C executable cmTC_800c9
/usr/bin/cmake -E cmake_link_script CMakeFiles/cmTC_800c9.dir/link.txt --verbose=1
/usr/bin/cc    -fsigned-char -W -Wall -Wreturn-type -Waddress -Wsequence-point -Wformat -Wformat-security -Wmissing-declarations -Wmissing-prototypes -Wstrict-prototypes -Wundef -Winit-self -Wpointer-arith -Wshadow -Wuninitialized -Wno-comment -Wimplicit-fallthrough=3 -Wno-strict-overflow -fdiagnostics-show-option -Wno-long-long -pthread -fomit-frame-pointer -ffunction-sections -fdata-sections  -msse -msse2 -msse3 -fvisibility=hidden  -O3 -DNDEBUG  -DNDEBUG   -Wl,--gc-sections -Wl,--as-needed -Wl,--no-undefined  CMakeFiles/cmTC_800c9.dir/SIZEOF_UNSIGNED_INT.c.o -o cmTC_800c9 
gmake[1]: Leaving directory '/home/razanh/Inmind/WebRTC/ros2_bags_stream_via_webrtc/build/CMakeFiles/CMakeTmp'



Determining size of signed long passed with the following output:
Change Dir: /home/razanh/Inmind/WebRTC/ros2_bags_stream_via_webrtc/build/CMakeFiles/CMakeTmp

Run Build Command(s):/usr/bin/gmake -f Makefile cmTC_606c6/fast && /usr/bin/gmake  -f CMakeFiles/cmTC_606c6.dir/build.make CMakeFiles/cmTC_606c6.dir/build
gmake[1]: Entering directory '/home/razanh/Inmind/WebRTC/ros2_bags_stream_via_webrtc/build/CMakeFiles/CMakeTmp'
Building C object CMakeFiles/cmTC_606c6.dir/SIZEOF_SIGNED_LONG.c.o
/usr/bin/cc   -fsigned-char -W -Wall -Wreturn-type -Waddress -Wsequence-point -Wformat -Wformat-security -Wmissing-declarations -Wmissing-prototypes -Wstrict-prototypes -Wundef -Winit-self -Wpointer-arith -Wshadow -Wuninitialized -Wno-comment -Wimplicit-fallthrough=3 -Wno-strict-overflow -fdiagnostics-show-option -Wno-long-long -pthread -fomit-frame-pointer -ffunction-sections -fdata-sections  -msse -msse2 -msse3 -fvisibility=hidden  -O3 -DNDEBUG  -DNDEBUG -fPIE -o CMakeFiles/cmTC_606c6.dir/SIZEOF_SIGNED_LONG.c.o -c /home/razanh/Inmind/WebRTC/ros2_bags_stream_via_webrtc/build/CMakeFiles/CheckTypeSize/SIZEOF_SIGNED_LONG.c
Linking C executable cmTC_606c6
/usr/bin/cmake -E cmake_link_script CMakeFiles/cmTC_606c6.dir/link.txt --verbose=1
/usr/bin/cc    -fsigned-char -W -Wall -Wreturn-type -Waddress -Wsequence-point -Wformat -Wformat-security -Wmissing-declarations -Wmissing-prototypes -Wstrict-prototypes -Wundef -Winit-self -Wpointer-arith -Wshadow -Wuninitialized -Wno-comment -Wimplicit-fallthrough=3 -Wno-strict-overflow -fdiagnostics-show-option -Wno-long-long -pthread -fomit-frame-pointer -ffunction-sections -fdata-sections  -msse -msse2 -msse3 -fvisibility=hidden  -O3 -DNDEBUG  -DNDEBUG   -Wl,--gc-sections -Wl,--as-needed -Wl,--no-undefined  CMakeFiles/cmTC_606c6.dir/SIZEOF_SIGNED_LONG.c.o -o cmTC_606c6 
gmake[1]: Leaving directory '/home/razanh/Inmind/WebRTC/ros2_bags_stream_via_webrtc/build/CMakeFiles/CMakeTmp'



Determining size of signed long long passed with the following output:
Change Dir: /home/razanh/Inmind/WebRTC/ros2_bags_stream_via_webrtc/build/CMakeFiles/CMakeTmp

Run Build Command(s):/usr/bin/gmake -f Makefile cmTC_20fe1/fast && /usr/bin/gmake  -f CMakeFiles/cmTC_20fe1.dir/build.make CMakeFiles/cmTC_20fe1.dir/build
gmake[1]: Entering directory '/home/razanh/Inmind/WebRTC/ros2_bags_stream_via_webrtc/build/CMakeFiles/CMakeTmp'
Building C object CMakeFiles/cmTC_20fe1.dir/SIZEOF_SIGNED_LONG_LONG.c.o
/usr/bin/cc   -fsigned-char -W -Wall -Wreturn-type -Waddress -Wsequence-point -Wformat -Wformat-security -Wmissing-declarations -Wmissing-prototypes -Wstrict-prototypes -Wundef -Winit-self -Wpointer-arith -Wshadow -Wuninitialized -Wno-comment -Wimplicit-fallthrough=3 -Wno-strict-overflow -fdiagnostics-show-option -Wno-long-long -pthread -fomit-frame-pointer -ffunction-sections -fdata-sections  -msse -msse2 -msse3 -fvisibility=hidden  -O3 -DNDEBUG  -DNDEBUG -fPIE -o CMakeFiles/cmTC_20fe1.dir/SIZEOF_SIGNED_LONG_LONG.c.o -c /home/razanh/Inmind/WebRTC/ros2_bags_stream_via_webrtc/build/CMakeFiles/CheckTypeSize/SIZEOF_SIGNED_LONG_LONG.c
Linking C executable cmTC_20fe1
/usr/bin/cmake -E cmake_link_script CMakeFiles/cmTC_20fe1.dir/link.txt --verbose=1
/usr/bin/cc    -fsigned-char -W -Wall -Wreturn-type -Waddress -Wsequence-point -Wformat -Wformat-security -Wmissing-declarations -Wmissing-prototypes -Wstrict-prototypes -Wundef -Winit-self -Wpointer-arith -Wshadow -Wuninitialized -Wno-comment -Wimplicit-fallthrough=3 -Wno-strict-overflow -fdiagnostics-show-option -Wno-long-long -pthread -fomit-frame-pointer -ffunction-sections -fdata-sections  -msse -msse2 -msse3 -fvisibility=hidden  -O3 -DNDEBUG  -DNDEBUG   -Wl,--gc-sections -Wl,--as-needed -Wl,--no-undefined  CMakeFiles/cmTC_20fe1.dir/SIZEOF_SIGNED_LONG_LONG.c.o -o cmTC_20fe1 
gmake[1]: Leaving directory '/home/razanh/Inmind/WebRTC/ros2_bags_stream_via_webrtc/build/CMakeFiles/CMakeTmp'



Determining size of unsigned long long passed with the following output:
Change Dir: /home/razanh/Inmind/WebRTC/ros2_bags_stream_via_webrtc/build/CMakeFiles/CMakeTmp

Run Build Command(s):/usr/bin/gmake -f Makefile cmTC_adf83/fast && /usr/bin/gmake  -f CMakeFiles/cmTC_adf83.dir/build.make CMakeFiles/cmTC_adf83.dir/build
gmake[1]: Entering directory '/home/razanh/Inmind/WebRTC/ros2_bags_stream_via_webrtc/build/CMakeFiles/CMakeTmp'
Building C object CMakeFiles/cmTC_adf83.dir/SIZEOF_UNSIGNED_LONG_LONG.c.o
/usr/bin/cc   -fsigned-char -W -Wall -Wreturn-type -Waddress -Wsequence-point -Wformat -Wformat-security -Wmissing-declarations -Wmissing-prototypes -Wstrict-prototypes -Wundef -Winit-self -Wpointer-arith -Wshadow -Wuninitialized -Wno-comment -Wimplicit-fallthrough=3 -Wno-strict-overflow -fdiagnostics-show-option -Wno-long-long -pthread -fomit-frame-pointer -ffunction-sections -fdata-sections  -msse -msse2 -msse3 -fvisibility=hidden  -O3 -DNDEBUG  -DNDEBUG -fPIE -o CMakeFiles/cmTC_adf83.dir/SIZEOF_UNSIGNED_LONG_LONG.c.o -c /home/razanh/Inmind/WebRTC/ros2_bags_stream_via_webrtc/build/CMakeFiles/CheckTypeSize/SIZEOF_UNSIGNED_LONG_LONG.c
Linking C executable cmTC_adf83
/usr/bin/cmake -E cmake_link_script CMakeFiles/cmTC_adf83.dir/link.txt --verbose=1
/usr/bin/cc    -fsigned-char -W -Wall -Wreturn-type -Waddress -Wsequence-point -Wformat -Wformat-security -Wmissing-declarations -Wmissing-prototypes -Wstrict-prototypes -Wundef -Winit-self -Wpointer-arith -Wshadow -Wuninitialized -Wno-comment -Wimplicit-fallthrough=3 -Wno-strict-overflow -fdiagnostics-show-option -Wno-long-long -pthread -fomit-frame-pointer -ffunction-sections -fdata-sections  -msse -msse2 -msse3 -fvisibility=hidden  -O3 -DNDEBUG  -DNDEBUG   -Wl,--gc-sections -Wl,--as-needed -Wl,--no-undefined  CMakeFiles/cmTC_adf83.dir/SIZEOF_UNSIGNED_LONG_LONG.c.o -o cmTC_adf83 
gmake[1]: Leaving directory '/home/razanh/Inmind/WebRTC/ros2_bags_stream_via_webrtc/build/CMakeFiles/CMakeTmp'



Determining size of unsigned char * passed with the following output:
Change Dir: /home/razanh/Inmind/WebRTC/ros2_bags_stream_via_webrtc/build/CMakeFiles/CMakeTmp

Run Build Command(s):/usr/bin/gmake -f Makefile cmTC_f2ba9/fast && /usr/bin/gmake  -f CMakeFiles/cmTC_f2ba9.dir/build.make CMakeFiles/cmTC_f2ba9.dir/build
gmake[1]: Entering directory '/home/razanh/Inmind/WebRTC/ros2_bags_stream_via_webrtc/build/CMakeFiles/CMakeTmp'
Building C object CMakeFiles/cmTC_f2ba9.dir/SIZEOF_UNSIGNED_CHAR_P.c.o
/usr/bin/cc   -fsigned-char -W -Wall -Wreturn-type -Waddress -Wsequence-point -Wformat -Wformat-security -Wmissing-declarations -Wmissing-prototypes -Wstrict-prototypes -Wundef -Winit-self -Wpointer-arith -Wshadow -Wuninitialized -Wno-comment -Wimplicit-fallthrough=3 -Wno-strict-overflow -fdiagnostics-show-option -Wno-long-long -pthread -fomit-frame-pointer -ffunction-sections -fdata-sections  -msse -msse2 -msse3 -fvisibility=hidden  -O3 -DNDEBUG  -DNDEBUG -fPIE -o CMakeFiles/cmTC_f2ba9.dir/SIZEOF_UNSIGNED_CHAR_P.c.o -c /home/razanh/Inmind/WebRTC/ros2_bags_stream_via_webrtc/build/CMakeFiles/CheckTypeSize/SIZEOF_UNSIGNED_CHAR_P.c
Linking C executable cmTC_f2ba9
/usr/bin/cmake -E cmake_link_script CMakeFiles/cmTC_f2ba9.dir/link.txt --verbose=1
/usr/bin/cc    -fsigned-char -W -Wall -Wreturn-type -Waddress -Wsequence-point -Wformat -Wformat-security -Wmissing-declarations -Wmissing-prototypes -Wstrict-prototypes -Wundef -Winit-self -Wpointer-arith -Wshadow -Wuninitialized -Wno-comment -Wimplicit-fallthrough=3 -Wno-strict-overflow -fdiagnostics-show-option -Wno-long-long -pthread -fomit-frame-pointer -ffunction-sections -fdata-sections  -msse -msse2 -msse3 -fvisibility=hidden  -O3 -DNDEBUG  -DNDEBUG   -Wl,--gc-sections -Wl,--as-needed -Wl,--no-undefined  CMakeFiles/cmTC_f2ba9.dir/SIZEOF_UNSIGNED_CHAR_P.c.o -o cmTC_f2ba9 
gmake[1]: Leaving directory '/home/razanh/Inmind/WebRTC/ros2_bags_stream_via_webrtc/build/CMakeFiles/CMakeTmp'



Determining size of ptrdiff_t passed with the following output:
Change Dir: /home/razanh/Inmind/WebRTC/ros2_bags_stream_via_webrtc/build/CMakeFiles/CMakeTmp

Run Build Command(s):/usr/bin/gmake -f Makefile cmTC_93d07/fast && /usr/bin/gmake  -f CMakeFiles/cmTC_93d07.dir/build.make CMakeFiles/cmTC_93d07.dir/build
gmake[1]: Entering directory '/home/razanh/Inmind/WebRTC/ros2_bags_stream_via_webrtc/build/CMakeFiles/CMakeTmp'
Building C object CMakeFiles/cmTC_93d07.dir/SIZEOF_PTRDIFF_T.c.o
/usr/bin/cc   -fsigned-char -W -Wall -Wreturn-type -Waddress -Wsequence-point -Wformat -Wformat-security -Wmissing-declarations -Wmissing-prototypes -Wstrict-prototypes -Wundef -Winit-self -Wpointer-arith -Wshadow -Wuninitialized -Wno-comment -Wimplicit-fallthrough=3 -Wno-strict-overflow -fdiagnostics-show-option -Wno-long-long -pthread -fomit-frame-pointer -ffunction-sections -fdata-sections  -msse -msse2 -msse3 -fvisibility=hidden  -O3 -DNDEBUG  -DNDEBUG -fPIE -o CMakeFiles/cmTC_93d07.dir/SIZEOF_PTRDIFF_T.c.o -c /home/razanh/Inmind/WebRTC/ros2_bags_stream_via_webrtc/build/CMakeFiles/CheckTypeSize/SIZEOF_PTRDIFF_T.c
Linking C executable cmTC_93d07
/usr/bin/cmake -E cmake_link_script CMakeFiles/cmTC_93d07.dir/link.txt --verbose=1
/usr/bin/cc    -fsigned-char -W -Wall -Wreturn-type -Waddress -Wsequence-point -Wformat -Wformat-security -Wmissing-declarations -Wmissing-prototypes -Wstrict-prototypes -Wundef -Winit-self -Wpointer-arith -Wshadow -Wuninitialized -Wno-comment -Wimplicit-fallthrough=3 -Wno-strict-overflow -fdiagnostics-show-option -Wno-long-long -pthread -fomit-frame-pointer -ffunction-sections -fdata-sections  -msse -msse2 -msse3 -fvisibility=hidden  -O3 -DNDEBUG  -DNDEBUG   -Wl,--gc-sections -Wl,--as-needed -Wl,--no-undefined  CMakeFiles/cmTC_93d07.dir/SIZEOF_PTRDIFF_T.c.o -o cmTC_93d07 
gmake[1]: Leaving directory '/home/razanh/Inmind/WebRTC/ros2_bags_stream_via_webrtc/build/CMakeFiles/CMakeTmp'



Determining if the function floor exists passed with the following output:
Change Dir: /home/razanh/Inmind/WebRTC/ros2_bags_stream_via_webrtc/build/CMakeFiles/CMakeTmp

Run Build Command(s):/usr/bin/gmake -f Makefile cmTC_333af/fast && /usr/bin/gmake  -f CMakeFiles/cmTC_333af.dir/build.make CMakeFiles/cmTC_333af.dir/build
gmake[1]: Entering directory '/home/razanh/Inmind/WebRTC/ros2_bags_stream_via_webrtc/build/CMakeFiles/CMakeTmp'
Building C object CMakeFiles/cmTC_333af.dir/CheckFunctionExists.c.o
/usr/bin/cc   -fsigned-char -W -Wall -Wreturn-type -Waddress -Wsequence-point -Wformat -Wformat-security -Wmissing-declarations -Wmissing-prototypes -Wstrict-prototypes -Wundef -Winit-self -Wpointer-arith -Wshadow -Wuninitialized -Wno-comment -Wimplicit-fallthrough=3 -Wno-strict-overflow -fdiagnostics-show-option -Wno-long-long -pthread -fomit-frame-pointer -ffunction-sections -fdata-sections  -msse -msse2 -msse3 -fvisibility=hidden -DCHECK_FUNCTION_EXISTS=floor -O3 -DNDEBUG  -DNDEBUG -fPIE -o CMakeFiles/cmTC_333af.dir/CheckFunctionExists.c.o -c /usr/share/cmake-3.22/Modules/CheckFunctionExists.c
<command-line>: warning: conflicting types for built-in function ‘floor’; expected ‘double(double)’ [-Wbuiltin-declaration-mismatch]
/usr/share/cmake-3.22/Modules/CheckFunctionExists.c:7:3: note: in expansion of macro ‘CHECK_FUNCTION_EXISTS’
    7 |   CHECK_FUNCTION_EXISTS(void);
      |   ^~~~~~~~~~~~~~~~~~~~~
/usr/share/cmake-3.22/Modules/CheckFunctionExists.c:1:1: note: ‘floor’ is declared in header ‘<math.h>’
  +++ |+#include <math.h>
    1 | #ifdef CHECK_FUNCTION_EXISTS
Linking C executable cmTC_333af
/usr/bin/cmake -E cmake_link_script CMakeFiles/cmTC_333af.dir/link.txt --verbose=1
/usr/bin/cc    -fsigned-char -W -Wall -Wreturn-type -Waddress -Wsequence-point -Wformat -Wformat-security -Wmissing-declarations -Wmissing-prototypes -Wstrict-prototypes -Wundef -Winit-self -Wpointer-arith -Wshadow -Wuninitialized -Wno-comment -Wimplicit-fallthrough=3 -Wno-strict-overflow -fdiagnostics-show-option -Wno-long-long -pthread -fomit-frame-pointer -ffunction-sections -fdata-sections  -msse -msse2 -msse3 -fvisibility=hidden -DCHECK_FUNCTION_EXISTS=floor -O3 -DNDEBUG  -DNDEBUG   -Wl,--gc-sections -Wl,--as-needed -Wl,--no-undefined  CMakeFiles/cmTC_333af.dir/CheckFunctionExists.c.o -o cmTC_333af  -lm 
gmake[1]: Leaving directory '/home/razanh/Inmind/WebRTC/ros2_bags_stream_via_webrtc/build/CMakeFiles/CMakeTmp'



Determining if the function pow exists passed with the following output:
Change Dir: /home/razanh/Inmind/WebRTC/ros2_bags_stream_via_webrtc/build/CMakeFiles/CMakeTmp

Run Build Command(s):/usr/bin/gmake -f Makefile cmTC_95303/fast && /usr/bin/gmake  -f CMakeFiles/cmTC_95303.dir/build.make CMakeFiles/cmTC_95303.dir/build
gmake[1]: Entering directory '/home/razanh/Inmind/WebRTC/ros2_bags_stream_via_webrtc/build/CMakeFiles/CMakeTmp'
Building C object CMakeFiles/cmTC_95303.dir/CheckFunctionExists.c.o
/usr/bin/cc   -fsigned-char -W -Wall -Wreturn-type -Waddress -Wsequence-point -Wformat -Wformat-security -Wmissing-declarations -Wmissing-prototypes -Wstrict-prototypes -Wundef -Winit-self -Wpointer-arith -Wshadow -Wuninitialized -Wno-comment -Wimplicit-fallthrough=3 -Wno-strict-overflow -fdiagnostics-show-option -Wno-long-long -pthread -fomit-frame-pointer -ffunction-sections -fdata-sections  -msse -msse2 -msse3 -fvisibility=hidden -DCHECK_FUNCTION_EXISTS=pow -O3 -DNDEBUG  -DNDEBUG -fPIE -o CMakeFiles/cmTC_95303.dir/CheckFunctionExists.c.o -c /usr/share/cmake-3.22/Modules/CheckFunctionExists.c
<command-line>: warning: conflicting types for built-in function ‘pow’; expected ‘double(double,  double)’ [-Wbuiltin-declaration-mismatch]
/usr/share/cmake-3.22/Modules/CheckFunctionExists.c:7:3: note: in expansion of macro ‘CHECK_FUNCTION_EXISTS’
    7 |   CHECK_FUNCTION_EXISTS(void);
      |   ^~~~~~~~~~~~~~~~~~~~~
/usr/share/cmake-3.22/Modules/CheckFunctionExists.c:1:1: note: ‘pow’ is declared in header ‘<math.h>’
  +++ |+#include <math.h>
    1 | #ifdef CHECK_FUNCTION_EXISTS
Linking C executable cmTC_95303
/usr/bin/cmake -E cmake_link_script CMakeFiles/cmTC_95303.dir/link.txt --verbose=1
/usr/bin/cc    -fsigned-char -W -Wall -Wreturn-type -Waddress -Wsequence-point -Wformat -Wformat-security -Wmissing-declarations -Wmissing-prototypes -Wstrict-prototypes -Wundef -Winit-self -Wpointer-arith -Wshadow -Wuninitialized -Wno-comment -Wimplicit-fallthrough=3 -Wno-strict-overflow -fdiagnostics-show-option -Wno-long-long -pthread -fomit-frame-pointer -ffunction-sections -fdata-sections  -msse -msse2 -msse3 -fvisibility=hidden -DCHECK_FUNCTION_EXISTS=pow -O3 -DNDEBUG  -DNDEBUG   -Wl,--gc-sections -Wl,--as-needed -Wl,--no-undefined  CMakeFiles/cmTC_95303.dir/CheckFunctionExists.c.o -o cmTC_95303  -lm 
gmake[1]: Leaving directory '/home/razanh/Inmind/WebRTC/ros2_bags_stream_via_webrtc/build/CMakeFiles/CMakeTmp'



Determining if the function sqrt exists passed with the following output:
Change Dir: /home/razanh/Inmind/WebRTC/ros2_bags_stream_via_webrtc/build/CMakeFiles/CMakeTmp

Run Build Command(s):/usr/bin/gmake -f Makefile cmTC_426a7/fast && /usr/bin/gmake  -f CMakeFiles/cmTC_426a7.dir/build.make CMakeFiles/cmTC_426a7.dir/build
gmake[1]: Entering directory '/home/razanh/Inmind/WebRTC/ros2_bags_stream_via_webrtc/build/CMakeFiles/CMakeTmp'
Building C object CMakeFiles/cmTC_426a7.dir/CheckFunctionExists.c.o
/usr/bin/cc   -fsigned-char -W -Wall -Wreturn-type -Waddress -Wsequence-point -Wformat -Wformat-security -Wmissing-declarations -Wmissing-prototypes -Wstrict-prototypes -Wundef -Winit-self -Wpointer-arith -Wshadow -Wuninitialized -Wno-comment -Wimplicit-fallthrough=3 -Wno-strict-overflow -fdiagnostics-show-option -Wno-long-long -pthread -fomit-frame-pointer -ffunction-sections -fdata-sections  -msse -msse2 -msse3 -fvisibility=hidden -DCHECK_FUNCTION_EXISTS=sqrt -O3 -DNDEBUG  -DNDEBUG -fPIE -o CMakeFiles/cmTC_426a7.dir/CheckFunctionExists.c.o -c /usr/share/cmake-3.22/Modules/CheckFunctionExists.c
<command-line>: warning: conflicting types for built-in function ‘sqrt’; expected ‘double(double)’ [-Wbuiltin-declaration-mismatch]
/usr/share/cmake-3.22/Modules/CheckFunctionExists.c:7:3: note: in expansion of macro ‘CHECK_FUNCTION_EXISTS’
    7 |   CHECK_FUNCTION_EXISTS(void);
      |   ^~~~~~~~~~~~~~~~~~~~~
/usr/share/cmake-3.22/Modules/CheckFunctionExists.c:1:1: note: ‘sqrt’ is declared in header ‘<math.h>’
  +++ |+#include <math.h>
    1 | #ifdef CHECK_FUNCTION_EXISTS
Linking C executable cmTC_426a7
/usr/bin/cmake -E cmake_link_script CMakeFiles/cmTC_426a7.dir/link.txt --verbose=1
/usr/bin/cc    -fsigned-char -W -Wall -Wreturn-type -Waddress -Wsequence-point -Wformat -Wformat-security -Wmissing-declarations -Wmissing-prototypes -Wstrict-prototypes -Wundef -Winit-self -Wpointer-arith -Wshadow -Wuninitialized -Wno-comment -Wimplicit-fallthrough=3 -Wno-strict-overflow -fdiagnostics-show-option -Wno-long-long -pthread -fomit-frame-pointer -ffunction-sections -fdata-sections  -msse -msse2 -msse3 -fvisibility=hidden -DCHECK_FUNCTION_EXISTS=sqrt -O3 -DNDEBUG  -DNDEBUG   -Wl,--gc-sections -Wl,--as-needed -Wl,--no-undefined  CMakeFiles/cmTC_426a7.dir/CheckFunctionExists.c.o -o cmTC_426a7  -lm 
gmake[1]: Leaving directory '/home/razanh/Inmind/WebRTC/ros2_bags_stream_via_webrtc/build/CMakeFiles/CMakeTmp'



Determining if the function isascii exists passed with the following output:
Change Dir: /home/razanh/Inmind/WebRTC/ros2_bags_stream_via_webrtc/build/CMakeFiles/CMakeTmp

Run Build Command(s):/usr/bin/gmake -f Makefile cmTC_5efb6/fast && /usr/bin/gmake  -f CMakeFiles/cmTC_5efb6.dir/build.make CMakeFiles/cmTC_5efb6.dir/build
gmake[1]: Entering directory '/home/razanh/Inmind/WebRTC/ros2_bags_stream_via_webrtc/build/CMakeFiles/CMakeTmp'
Building C object CMakeFiles/cmTC_5efb6.dir/CheckFunctionExists.c.o
/usr/bin/cc   -fsigned-char -W -Wall -Wreturn-type -Waddress -Wsequence-point -Wformat -Wformat-security -Wmissing-declarations -Wmissing-prototypes -Wstrict-prototypes -Wundef -Winit-self -Wpointer-arith -Wshadow -Wuninitialized -Wno-comment -Wimplicit-fallthrough=3 -Wno-strict-overflow -fdiagnostics-show-option -Wno-long-long -pthread -fomit-frame-pointer -ffunction-sections -fdata-sections  -msse -msse2 -msse3 -fvisibility=hidden -DCHECK_FUNCTION_EXISTS=isascii -O3 -DNDEBUG  -DNDEBUG -fPIE -o CMakeFiles/cmTC_5efb6.dir/CheckFunctionExists.c.o -c /usr/share/cmake-3.22/Modules/CheckFunctionExists.c
<command-line>: warning: conflicting types for built-in function ‘isascii’; expected ‘int(int)’ [-Wbuiltin-declaration-mismatch]
/usr/share/cmake-3.22/Modules/CheckFunctionExists.c:7:3: note: in expansion of macro ‘CHECK_FUNCTION_EXISTS’
    7 |   CHECK_FUNCTION_EXISTS(void);
      |   ^~~~~~~~~~~~~~~~~~~~~
Linking C executable cmTC_5efb6
/usr/bin/cmake -E cmake_link_script CMakeFiles/cmTC_5efb6.dir/link.txt --verbose=1
/usr/bin/cc    -fsigned-char -W -Wall -Wreturn-type -Waddress -Wsequence-point -Wformat -Wformat-security -Wmissing-declarations -Wmissing-prototypes -Wstrict-prototypes -Wundef -Winit-self -Wpointer-arith -Wshadow -Wuninitialized -Wno-comment -Wimplicit-fallthrough=3 -Wno-strict-overflow -fdiagnostics-show-option -Wno-long-long -pthread -fomit-frame-pointer -ffunction-sections -fdata-sections  -msse -msse2 -msse3 -fvisibility=hidden -DCHECK_FUNCTION_EXISTS=isascii -O3 -DNDEBUG  -DNDEBUG   -Wl,--gc-sections -Wl,--as-needed -Wl,--no-undefined  CMakeFiles/cmTC_5efb6.dir/CheckFunctionExists.c.o -o cmTC_5efb6 
gmake[1]: Leaving directory '/home/razanh/Inmind/WebRTC/ros2_bags_stream_via_webrtc/build/CMakeFiles/CMakeTmp'



Determining if the function memset exists passed with the following output:
Change Dir: /home/razanh/Inmind/WebRTC/ros2_bags_stream_via_webrtc/build/CMakeFiles/CMakeTmp

Run Build Command(s):/usr/bin/gmake -f Makefile cmTC_842b5/fast && /usr/bin/gmake  -f CMakeFiles/cmTC_842b5.dir/build.make CMakeFiles/cmTC_842b5.dir/build
gmake[1]: Entering directory '/home/razanh/Inmind/WebRTC/ros2_bags_stream_via_webrtc/build/CMakeFiles/CMakeTmp'
Building C object CMakeFiles/cmTC_842b5.dir/CheckFunctionExists.c.o
/usr/bin/cc   -fsigned-char -W -Wall -Wreturn-type -Waddress -Wsequence-point -Wformat -Wformat-security -Wmissing-declarations -Wmissing-prototypes -Wstrict-prototypes -Wundef -Winit-self -Wpointer-arith -Wshadow -Wuninitialized -Wno-comment -Wimplicit-fallthrough=3 -Wno-strict-overflow -fdiagnostics-show-option -Wno-long-long -pthread -fomit-frame-pointer -ffunction-sections -fdata-sections  -msse -msse2 -msse3 -fvisibility=hidden -DCHECK_FUNCTION_EXISTS=memset -O3 -DNDEBUG  -DNDEBUG -fPIE -o CMakeFiles/cmTC_842b5.dir/CheckFunctionExists.c.o -c /usr/share/cmake-3.22/Modules/CheckFunctionExists.c
<command-line>: warning: conflicting types for built-in function ‘memset’; expected ‘void *(void *, int,  long unsigned int)’ [-Wbuiltin-declaration-mismatch]
/usr/share/cmake-3.22/Modules/CheckFunctionExists.c:7:3: note: in expansion of macro ‘CHECK_FUNCTION_EXISTS’
    7 |   CHECK_FUNCTION_EXISTS(void);
      |   ^~~~~~~~~~~~~~~~~~~~~
/usr/share/cmake-3.22/Modules/CheckFunctionExists.c:1:1: note: ‘memset’ is declared in header ‘<string.h>’
  +++ |+#include <string.h>
    1 | #ifdef CHECK_FUNCTION_EXISTS
Linking C executable cmTC_842b5
/usr/bin/cmake -E cmake_link_script CMakeFiles/cmTC_842b5.dir/link.txt --verbose=1
/usr/bin/cc    -fsigned-char -W -Wall -Wreturn-type -Waddress -Wsequence-point -Wformat -Wformat-security -Wmissing-declarations -Wmissing-prototypes -Wstrict-prototypes -Wundef -Winit-self -Wpointer-arith -Wshadow -Wuninitialized -Wno-comment -Wimplicit-fallthrough=3 -Wno-strict-overflow -fdiagnostics-show-option -Wno-long-long -pthread -fomit-frame-pointer -ffunction-sections -fdata-sections  -msse -msse2 -msse3 -fvisibility=hidden -DCHECK_FUNCTION_EXISTS=memset -O3 -DNDEBUG  -DNDEBUG   -Wl,--gc-sections -Wl,--as-needed -Wl,--no-undefined  CMakeFiles/cmTC_842b5.dir/CheckFunctionExists.c.o -o cmTC_842b5 
gmake[1]: Leaving directory '/home/razanh/Inmind/WebRTC/ros2_bags_stream_via_webrtc/build/CMakeFiles/CMakeTmp'



Determining if the function mmap exists passed with the following output:
Change Dir: /home/razanh/Inmind/WebRTC/ros2_bags_stream_via_webrtc/build/CMakeFiles/CMakeTmp

Run Build Command(s):/usr/bin/gmake -f Makefile cmTC_e434b/fast && /usr/bin/gmake  -f CMakeFiles/cmTC_e434b.dir/build.make CMakeFiles/cmTC_e434b.dir/build
gmake[1]: Entering directory '/home/razanh/Inmind/WebRTC/ros2_bags_stream_via_webrtc/build/CMakeFiles/CMakeTmp'
Building C object CMakeFiles/cmTC_e434b.dir/CheckFunctionExists.c.o
/usr/bin/cc   -fsigned-char -W -Wall -Wreturn-type -Waddress -Wsequence-point -Wformat -Wformat-security -Wmissing-declarations -Wmissing-prototypes -Wstrict-prototypes -Wundef -Winit-self -Wpointer-arith -Wshadow -Wuninitialized -Wno-comment -Wimplicit-fallthrough=3 -Wno-strict-overflow -fdiagnostics-show-option -Wno-long-long -pthread -fomit-frame-pointer -ffunction-sections -fdata-sections  -msse -msse2 -msse3 -fvisibility=hidden -DCHECK_FUNCTION_EXISTS=mmap -O3 -DNDEBUG  -DNDEBUG -fPIE -o CMakeFiles/cmTC_e434b.dir/CheckFunctionExists.c.o -c /usr/share/cmake-3.22/Modules/CheckFunctionExists.c
Linking C executable cmTC_e434b
/usr/bin/cmake -E cmake_link_script CMakeFiles/cmTC_e434b.dir/link.txt --verbose=1
/usr/bin/cc    -fsigned-char -W -Wall -Wreturn-type -Waddress -Wsequence-point -Wformat -Wformat-security -Wmissing-declarations -Wmissing-prototypes -Wstrict-prototypes -Wundef -Winit-self -Wpointer-arith -Wshadow -Wuninitialized -Wno-comment -Wimplicit-fallthrough=3 -Wno-strict-overflow -fdiagnostics-show-option -Wno-long-long -pthread -fomit-frame-pointer -ffunction-sections -fdata-sections  -msse -msse2 -msse3 -fvisibility=hidden -DCHECK_FUNCTION_EXISTS=mmap -O3 -DNDEBUG  -DNDEBUG   -Wl,--gc-sections -Wl,--as-needed -Wl,--no-undefined  CMakeFiles/cmTC_e434b.dir/CheckFunctionExists.c.o -o cmTC_e434b 
gmake[1]: Leaving directory '/home/razanh/Inmind/WebRTC/ros2_bags_stream_via_webrtc/build/CMakeFiles/CMakeTmp'



Determining if the function getopt exists passed with the following output:
Change Dir: /home/razanh/Inmind/WebRTC/ros2_bags_stream_via_webrtc/build/CMakeFiles/CMakeTmp

Run Build Command(s):/usr/bin/gmake -f Makefile cmTC_28f5b/fast && /usr/bin/gmake  -f CMakeFiles/cmTC_28f5b.dir/build.make CMakeFiles/cmTC_28f5b.dir/build
gmake[1]: Entering directory '/home/razanh/Inmind/WebRTC/ros2_bags_stream_via_webrtc/build/CMakeFiles/CMakeTmp'
Building C object CMakeFiles/cmTC_28f5b.dir/CheckFunctionExists.c.o
/usr/bin/cc   -fsigned-char -W -Wall -Wreturn-type -Waddress -Wsequence-point -Wformat -Wformat-security -Wmissing-declarations -Wmissing-prototypes -Wstrict-prototypes -Wundef -Winit-self -Wpointer-arith -Wshadow -Wuninitialized -Wno-comment -Wimplicit-fallthrough=3 -Wno-strict-overflow -fdiagnostics-show-option -Wno-long-long -pthread -fomit-frame-pointer -ffunction-sections -fdata-sections  -msse -msse2 -msse3 -fvisibility=hidden -DCHECK_FUNCTION_EXISTS=getopt -O3 -DNDEBUG  -DNDEBUG -fPIE -o CMakeFiles/cmTC_28f5b.dir/CheckFunctionExists.c.o -c /usr/share/cmake-3.22/Modules/CheckFunctionExists.c
Linking C executable cmTC_28f5b
/usr/bin/cmake -E cmake_link_script CMakeFiles/cmTC_28f5b.dir/link.txt --verbose=1
/usr/bin/cc    -fsigned-char -W -Wall -Wreturn-type -Waddress -Wsequence-point -Wformat -Wformat-security -Wmissing-declarations -Wmissing-prototypes -Wstrict-prototypes -Wundef -Winit-self -Wpointer-arith -Wshadow -Wuninitialized -Wno-comment -Wimplicit-fallthrough=3 -Wno-strict-overflow -fdiagnostics-show-option -Wno-long-long -pthread -fomit-frame-pointer -ffunction-sections -fdata-sections  -msse -msse2 -msse3 -fvisibility=hidden -DCHECK_FUNCTION_EXISTS=getopt -O3 -DNDEBUG  -DNDEBUG   -Wl,--gc-sections -Wl,--as-needed -Wl,--no-undefined  CMakeFiles/cmTC_28f5b.dir/CheckFunctionExists.c.o -o cmTC_28f5b 
gmake[1]: Leaving directory '/home/razanh/Inmind/WebRTC/ros2_bags_stream_via_webrtc/build/CMakeFiles/CMakeTmp'



Determining if the function memmove exists passed with the following output:
Change Dir: /home/razanh/Inmind/WebRTC/ros2_bags_stream_via_webrtc/build/CMakeFiles/CMakeTmp

Run Build Command(s):/usr/bin/gmake -f Makefile cmTC_3752a/fast && /usr/bin/gmake  -f CMakeFiles/cmTC_3752a.dir/build.make CMakeFiles/cmTC_3752a.dir/build
gmake[1]: Entering directory '/home/razanh/Inmind/WebRTC/ros2_bags_stream_via_webrtc/build/CMakeFiles/CMakeTmp'
Building C object CMakeFiles/cmTC_3752a.dir/CheckFunctionExists.c.o
/usr/bin/cc   -fsigned-char -W -Wall -Wreturn-type -Waddress -Wsequence-point -Wformat -Wformat-security -Wmissing-declarations -Wmissing-prototypes -Wstrict-prototypes -Wundef -Winit-self -Wpointer-arith -Wshadow -Wuninitialized -Wno-comment -Wimplicit-fallthrough=3 -Wno-strict-overflow -fdiagnostics-show-option -Wno-long-long -pthread -fomit-frame-pointer -ffunction-sections -fdata-sections  -msse -msse2 -msse3 -fvisibility=hidden -DCHECK_FUNCTION_EXISTS=memmove -O3 -DNDEBUG  -DNDEBUG -fPIE -o CMakeFiles/cmTC_3752a.dir/CheckFunctionExists.c.o -c /usr/share/cmake-3.22/Modules/CheckFunctionExists.c
<command-line>: warning: conflicting types for built-in function ‘memmove’; expected ‘void *(void *, const void *, long unsigned int)’ [-Wbuiltin-declaration-mismatch]
/usr/share/cmake-3.22/Modules/CheckFunctionExists.c:7:3: note: in expansion of macro ‘CHECK_FUNCTION_EXISTS’
    7 |   CHECK_FUNCTION_EXISTS(void);
      |   ^~~~~~~~~~~~~~~~~~~~~
/usr/share/cmake-3.22/Modules/CheckFunctionExists.c:1:1: note: ‘memmove’ is declared in header ‘<string.h>’
  +++ |+#include <string.h>
    1 | #ifdef CHECK_FUNCTION_EXISTS
Linking C executable cmTC_3752a
/usr/bin/cmake -E cmake_link_script CMakeFiles/cmTC_3752a.dir/link.txt --verbose=1
/usr/bin/cc    -fsigned-char -W -Wall -Wreturn-type -Waddress -Wsequence-point -Wformat -Wformat-security -Wmissing-declarations -Wmissing-prototypes -Wstrict-prototypes -Wundef -Winit-self -Wpointer-arith -Wshadow -Wuninitialized -Wno-comment -Wimplicit-fallthrough=3 -Wno-strict-overflow -fdiagnostics-show-option -Wno-long-long -pthread -fomit-frame-pointer -ffunction-sections -fdata-sections  -msse -msse2 -msse3 -fvisibility=hidden -DCHECK_FUNCTION_EXISTS=memmove -O3 -DNDEBUG  -DNDEBUG   -Wl,--gc-sections -Wl,--as-needed -Wl,--no-undefined  CMakeFiles/cmTC_3752a.dir/CheckFunctionExists.c.o -o cmTC_3752a 
gmake[1]: Leaving directory '/home/razanh/Inmind/WebRTC/ros2_bags_stream_via_webrtc/build/CMakeFiles/CMakeTmp'



Determining if the function strcasecmp exists passed with the following output:
Change Dir: /home/razanh/Inmind/WebRTC/ros2_bags_stream_via_webrtc/build/CMakeFiles/CMakeTmp

Run Build Command(s):/usr/bin/gmake -f Makefile cmTC_e17ff/fast && /usr/bin/gmake  -f CMakeFiles/cmTC_e17ff.dir/build.make CMakeFiles/cmTC_e17ff.dir/build
gmake[1]: Entering directory '/home/razanh/Inmind/WebRTC/ros2_bags_stream_via_webrtc/build/CMakeFiles/CMakeTmp'
Building C object CMakeFiles/cmTC_e17ff.dir/CheckFunctionExists.c.o
/usr/bin/cc   -fsigned-char -W -Wall -Wreturn-type -Waddress -Wsequence-point -Wformat -Wformat-security -Wmissing-declarations -Wmissing-prototypes -Wstrict-prototypes -Wundef -Winit-self -Wpointer-arith -Wshadow -Wuninitialized -Wno-comment -Wimplicit-fallthrough=3 -Wno-strict-overflow -fdiagnostics-show-option -Wno-long-long -pthread -fomit-frame-pointer -ffunction-sections -fdata-sections  -msse -msse2 -msse3 -fvisibility=hidden -DCHECK_FUNCTION_EXISTS=strcasecmp -O3 -DNDEBUG  -DNDEBUG -fPIE -o CMakeFiles/cmTC_e17ff.dir/CheckFunctionExists.c.o -c /usr/share/cmake-3.22/Modules/CheckFunctionExists.c
<command-line>: warning: conflicting types for built-in function ‘strcasecmp’; expected ‘int(const char *, const char *)’ [-Wbuiltin-declaration-mismatch]
<command-line>: note: in definition of macro ‘CHECK_FUNCTION_EXISTS’
Linking C executable cmTC_e17ff
/usr/bin/cmake -E cmake_link_script CMakeFiles/cmTC_e17ff.dir/link.txt --verbose=1
/usr/bin/cc    -fsigned-char -W -Wall -Wreturn-type -Waddress -Wsequence-point -Wformat -Wformat-security -Wmissing-declarations -Wmissing-prototypes -Wstrict-prototypes -Wundef -Winit-self -Wpointer-arith -Wshadow -Wuninitialized -Wno-comment -Wimplicit-fallthrough=3 -Wno-strict-overflow -fdiagnostics-show-option -Wno-long-long -pthread -fomit-frame-pointer -ffunction-sections -fdata-sections  -msse -msse2 -msse3 -fvisibility=hidden -DCHECK_FUNCTION_EXISTS=strcasecmp -O3 -DNDEBUG  -DNDEBUG   -Wl,--gc-sections -Wl,--as-needed -Wl,--no-undefined  CMakeFiles/cmTC_e17ff.dir/CheckFunctionExists.c.o -o cmTC_e17ff 
gmake[1]: Leaving directory '/home/razanh/Inmind/WebRTC/ros2_bags_stream_via_webrtc/build/CMakeFiles/CMakeTmp'



Determining if the function strchr exists passed with the following output:
Change Dir: /home/razanh/Inmind/WebRTC/ros2_bags_stream_via_webrtc/build/CMakeFiles/CMakeTmp

Run Build Command(s):/usr/bin/gmake -f Makefile cmTC_81644/fast && /usr/bin/gmake  -f CMakeFiles/cmTC_81644.dir/build.make CMakeFiles/cmTC_81644.dir/build
gmake[1]: Entering directory '/home/razanh/Inmind/WebRTC/ros2_bags_stream_via_webrtc/build/CMakeFiles/CMakeTmp'
Building C object CMakeFiles/cmTC_81644.dir/CheckFunctionExists.c.o
/usr/bin/cc   -fsigned-char -W -Wall -Wreturn-type -Waddress -Wsequence-point -Wformat -Wformat-security -Wmissing-declarations -Wmissing-prototypes -Wstrict-prototypes -Wundef -Winit-self -Wpointer-arith -Wshadow -Wuninitialized -Wno-comment -Wimplicit-fallthrough=3 -Wno-strict-overflow -fdiagnostics-show-option -Wno-long-long -pthread -fomit-frame-pointer -ffunction-sections -fdata-sections  -msse -msse2 -msse3 -fvisibility=hidden -DCHECK_FUNCTION_EXISTS=strchr -O3 -DNDEBUG  -DNDEBUG -fPIE -o CMakeFiles/cmTC_81644.dir/CheckFunctionExists.c.o -c /usr/share/cmake-3.22/Modules/CheckFunctionExists.c
<command-line>: warning: conflicting types for built-in function ‘strchr’; expected ‘char *(const char *, int)’ [-Wbuiltin-declaration-mismatch]
/usr/share/cmake-3.22/Modules/CheckFunctionExists.c:7:3: note: in expansion of macro ‘CHECK_FUNCTION_EXISTS’
    7 |   CHECK_FUNCTION_EXISTS(void);
      |   ^~~~~~~~~~~~~~~~~~~~~
/usr/share/cmake-3.22/Modules/CheckFunctionExists.c:1:1: note: ‘strchr’ is declared in header ‘<string.h>’
  +++ |+#include <string.h>
    1 | #ifdef CHECK_FUNCTION_EXISTS
Linking C executable cmTC_81644
/usr/bin/cmake -E cmake_link_script CMakeFiles/cmTC_81644.dir/link.txt --verbose=1
/usr/bin/cc    -fsigned-char -W -Wall -Wreturn-type -Waddress -Wsequence-point -Wformat -Wformat-security -Wmissing-declarations -Wmissing-prototypes -Wstrict-prototypes -Wundef -Winit-self -Wpointer-arith -Wshadow -Wuninitialized -Wno-comment -Wimplicit-fallthrough=3 -Wno-strict-overflow -fdiagnostics-show-option -Wno-long-long -pthread -fomit-frame-pointer -ffunction-sections -fdata-sections  -msse -msse2 -msse3 -fvisibility=hidden -DCHECK_FUNCTION_EXISTS=strchr -O3 -DNDEBUG  -DNDEBUG   -Wl,--gc-sections -Wl,--as-needed -Wl,--no-undefined  CMakeFiles/cmTC_81644.dir/CheckFunctionExists.c.o -o cmTC_81644 
gmake[1]: Leaving directory '/home/razanh/Inmind/WebRTC/ros2_bags_stream_via_webrtc/build/CMakeFiles/CMakeTmp'



Determining if the function strrchr exists passed with the following output:
Change Dir: /home/razanh/Inmind/WebRTC/ros2_bags_stream_via_webrtc/build/CMakeFiles/CMakeTmp

Run Build Command(s):/usr/bin/gmake -f Makefile cmTC_3fb1a/fast && /usr/bin/gmake  -f CMakeFiles/cmTC_3fb1a.dir/build.make CMakeFiles/cmTC_3fb1a.dir/build
gmake[1]: Entering directory '/home/razanh/Inmind/WebRTC/ros2_bags_stream_via_webrtc/build/CMakeFiles/CMakeTmp'
Building C object CMakeFiles/cmTC_3fb1a.dir/CheckFunctionExists.c.o
/usr/bin/cc   -fsigned-char -W -Wall -Wreturn-type -Waddress -Wsequence-point -Wformat -Wformat-security -Wmissing-declarations -Wmissing-prototypes -Wstrict-prototypes -Wundef -Winit-self -Wpointer-arith -Wshadow -Wuninitialized -Wno-comment -Wimplicit-fallthrough=3 -Wno-strict-overflow -fdiagnostics-show-option -Wno-long-long -pthread -fomit-frame-pointer -ffunction-sections -fdata-sections  -msse -msse2 -msse3 -fvisibility=hidden -DCHECK_FUNCTION_EXISTS=strrchr -O3 -DNDEBUG  -DNDEBUG -fPIE -o CMakeFiles/cmTC_3fb1a.dir/CheckFunctionExists.c.o -c /usr/share/cmake-3.22/Modules/CheckFunctionExists.c
<command-line>: warning: conflicting types for built-in function ‘strrchr’; expected ‘char *(const char *, int)’ [-Wbuiltin-declaration-mismatch]
/usr/share/cmake-3.22/Modules/CheckFunctionExists.c:7:3: note: in expansion of macro ‘CHECK_FUNCTION_EXISTS’
    7 |   CHECK_FUNCTION_EXISTS(void);
      |   ^~~~~~~~~~~~~~~~~~~~~
/usr/share/cmake-3.22/Modules/CheckFunctionExists.c:1:1: note: ‘strrchr’ is declared in header ‘<string.h>’
  +++ |+#include <string.h>
    1 | #ifdef CHECK_FUNCTION_EXISTS
Linking C executable cmTC_3fb1a
/usr/bin/cmake -E cmake_link_script CMakeFiles/cmTC_3fb1a.dir/link.txt --verbose=1
/usr/bin/cc    -fsigned-char -W -Wall -Wreturn-type -Waddress -Wsequence-point -Wformat -Wformat-security -Wmissing-declarations -Wmissing-prototypes -Wstrict-prototypes -Wundef -Winit-self -Wpointer-arith -Wshadow -Wuninitialized -Wno-comment -Wimplicit-fallthrough=3 -Wno-strict-overflow -fdiagnostics-show-option -Wno-long-long -pthread -fomit-frame-pointer -ffunction-sections -fdata-sections  -msse -msse2 -msse3 -fvisibility=hidden -DCHECK_FUNCTION_EXISTS=strrchr -O3 -DNDEBUG  -DNDEBUG   -Wl,--gc-sections -Wl,--as-needed -Wl,--no-undefined  CMakeFiles/cmTC_3fb1a.dir/CheckFunctionExists.c.o -o cmTC_3fb1a 
gmake[1]: Leaving directory '/home/razanh/Inmind/WebRTC/ros2_bags_stream_via_webrtc/build/CMakeFiles/CMakeTmp'



Determining if the function strstr exists passed with the following output:
Change Dir: /home/razanh/Inmind/WebRTC/ros2_bags_stream_via_webrtc/build/CMakeFiles/CMakeTmp

Run Build Command(s):/usr/bin/gmake -f Makefile cmTC_ce3ee/fast && /usr/bin/gmake  -f CMakeFiles/cmTC_ce3ee.dir/build.make CMakeFiles/cmTC_ce3ee.dir/build
gmake[1]: Entering directory '/home/razanh/Inmind/WebRTC/ros2_bags_stream_via_webrtc/build/CMakeFiles/CMakeTmp'
Building C object CMakeFiles/cmTC_ce3ee.dir/CheckFunctionExists.c.o
/usr/bin/cc   -fsigned-char -W -Wall -Wreturn-type -Waddress -Wsequence-point -Wformat -Wformat-security -Wmissing-declarations -Wmissing-prototypes -Wstrict-prototypes -Wundef -Winit-self -Wpointer-arith -Wshadow -Wuninitialized -Wno-comment -Wimplicit-fallthrough=3 -Wno-strict-overflow -fdiagnostics-show-option -Wno-long-long -pthread -fomit-frame-pointer -ffunction-sections -fdata-sections  -msse -msse2 -msse3 -fvisibility=hidden -DCHECK_FUNCTION_EXISTS=strstr -O3 -DNDEBUG  -DNDEBUG -fPIE -o CMakeFiles/cmTC_ce3ee.dir/CheckFunctionExists.c.o -c /usr/share/cmake-3.22/Modules/CheckFunctionExists.c
<command-line>: warning: conflicting types for built-in function ‘strstr’; expected ‘char *(const char *, const char *)’ [-Wbuiltin-declaration-mismatch]
/usr/share/cmake-3.22/Modules/CheckFunctionExists.c:7:3: note: in expansion of macro ‘CHECK_FUNCTION_EXISTS’
    7 |   CHECK_FUNCTION_EXISTS(void);
      |   ^~~~~~~~~~~~~~~~~~~~~
/usr/share/cmake-3.22/Modules/CheckFunctionExists.c:1:1: note: ‘strstr’ is declared in header ‘<string.h>’
  +++ |+#include <string.h>
    1 | #ifdef CHECK_FUNCTION_EXISTS
Linking C executable cmTC_ce3ee
/usr/bin/cmake -E cmake_link_script CMakeFiles/cmTC_ce3ee.dir/link.txt --verbose=1
/usr/bin/cc    -fsigned-char -W -Wall -Wreturn-type -Waddress -Wsequence-point -Wformat -Wformat-security -Wmissing-declarations -Wmissing-prototypes -Wstrict-prototypes -Wundef -Winit-self -Wpointer-arith -Wshadow -Wuninitialized -Wno-comment -Wimplicit-fallthrough=3 -Wno-strict-overflow -fdiagnostics-show-option -Wno-long-long -pthread -fomit-frame-pointer -ffunction-sections -fdata-sections  -msse -msse2 -msse3 -fvisibility=hidden -DCHECK_FUNCTION_EXISTS=strstr -O3 -DNDEBUG  -DNDEBUG   -Wl,--gc-sections -Wl,--as-needed -Wl,--no-undefined  CMakeFiles/cmTC_ce3ee.dir/CheckFunctionExists.c.o -o cmTC_ce3ee 
gmake[1]: Leaving directory '/home/razanh/Inmind/WebRTC/ros2_bags_stream_via_webrtc/build/CMakeFiles/CMakeTmp'



Determining if the function strtol exists passed with the following output:
Change Dir: /home/razanh/Inmind/WebRTC/ros2_bags_stream_via_webrtc/build/CMakeFiles/CMakeTmp

Run Build Command(s):/usr/bin/gmake -f Makefile cmTC_8c33f/fast && /usr/bin/gmake  -f CMakeFiles/cmTC_8c33f.dir/build.make CMakeFiles/cmTC_8c33f.dir/build
gmake[1]: Entering directory '/home/razanh/Inmind/WebRTC/ros2_bags_stream_via_webrtc/build/CMakeFiles/CMakeTmp'
Building C object CMakeFiles/cmTC_8c33f.dir/CheckFunctionExists.c.o
/usr/bin/cc   -fsigned-char -W -Wall -Wreturn-type -Waddress -Wsequence-point -Wformat -Wformat-security -Wmissing-declarations -Wmissing-prototypes -Wstrict-prototypes -Wundef -Winit-self -Wpointer-arith -Wshadow -Wuninitialized -Wno-comment -Wimplicit-fallthrough=3 -Wno-strict-overflow -fdiagnostics-show-option -Wno-long-long -pthread -fomit-frame-pointer -ffunction-sections -fdata-sections  -msse -msse2 -msse3 -fvisibility=hidden -DCHECK_FUNCTION_EXISTS=strtol -O3 -DNDEBUG  -DNDEBUG -fPIE -o CMakeFiles/cmTC_8c33f.dir/CheckFunctionExists.c.o -c /usr/share/cmake-3.22/Modules/CheckFunctionExists.c
Linking C executable cmTC_8c33f
/usr/bin/cmake -E cmake_link_script CMakeFiles/cmTC_8c33f.dir/link.txt --verbose=1
/usr/bin/cc    -fsigned-char -W -Wall -Wreturn-type -Waddress -Wsequence-point -Wformat -Wformat-security -Wmissing-declarations -Wmissing-prototypes -Wstrict-prototypes -Wundef -Winit-self -Wpointer-arith -Wshadow -Wuninitialized -Wno-comment -Wimplicit-fallthrough=3 -Wno-strict-overflow -fdiagnostics-show-option -Wno-long-long -pthread -fomit-frame-pointer -ffunction-sections -fdata-sections  -msse -msse2 -msse3 -fvisibility=hidden -DCHECK_FUNCTION_EXISTS=strtol -O3 -DNDEBUG  -DNDEBUG   -Wl,--gc-sections -Wl,--as-needed -Wl,--no-undefined  CMakeFiles/cmTC_8c33f.dir/CheckFunctionExists.c.o -o cmTC_8c33f 
gmake[1]: Leaving directory '/home/razanh/Inmind/WebRTC/ros2_bags_stream_via_webrtc/build/CMakeFiles/CMakeTmp'



Determining if the function strtol exists passed with the following output:
Change Dir: /home/razanh/Inmind/WebRTC/ros2_bags_stream_via_webrtc/build/CMakeFiles/CMakeTmp

Run Build Command(s):/usr/bin/gmake -f Makefile cmTC_77548/fast && /usr/bin/gmake  -f CMakeFiles/cmTC_77548.dir/build.make CMakeFiles/cmTC_77548.dir/build
gmake[1]: Entering directory '/home/razanh/Inmind/WebRTC/ros2_bags_stream_via_webrtc/build/CMakeFiles/CMakeTmp'
Building C object CMakeFiles/cmTC_77548.dir/CheckFunctionExists.c.o
/usr/bin/cc   -fsigned-char -W -Wall -Wreturn-type -Waddress -Wsequence-point -Wformat -Wformat-security -Wmissing-declarations -Wmissing-prototypes -Wstrict-prototypes -Wundef -Winit-self -Wpointer-arith -Wshadow -Wuninitialized -Wno-comment -Wimplicit-fallthrough=3 -Wno-strict-overflow -fdiagnostics-show-option -Wno-long-long -pthread -fomit-frame-pointer -ffunction-sections -fdata-sections  -msse -msse2 -msse3 -fvisibility=hidden -DCHECK_FUNCTION_EXISTS=strtol -O3 -DNDEBUG  -DNDEBUG -fPIE -o CMakeFiles/cmTC_77548.dir/CheckFunctionExists.c.o -c /usr/share/cmake-3.22/Modules/CheckFunctionExists.c
Linking C executable cmTC_77548
/usr/bin/cmake -E cmake_link_script CMakeFiles/cmTC_77548.dir/link.txt --verbose=1
/usr/bin/cc    -fsigned-char -W -Wall -Wreturn-type -Waddress -Wsequence-point -Wformat -Wformat-security -Wmissing-declarations -Wmissing-prototypes -Wstrict-prototypes -Wundef -Winit-self -Wpointer-arith -Wshadow -Wuninitialized -Wno-comment -Wimplicit-fallthrough=3 -Wno-strict-overflow -fdiagnostics-show-option -Wno-long-long -pthread -fomit-frame-pointer -ffunction-sections -fdata-sections  -msse -msse2 -msse3 -fvisibility=hidden -DCHECK_FUNCTION_EXISTS=strtol -O3 -DNDEBUG  -DNDEBUG   -Wl,--gc-sections -Wl,--as-needed -Wl,--no-undefined  CMakeFiles/cmTC_77548.dir/CheckFunctionExists.c.o -o cmTC_77548 
gmake[1]: Leaving directory '/home/razanh/Inmind/WebRTC/ros2_bags_stream_via_webrtc/build/CMakeFiles/CMakeTmp'



Determining if the function strtoull exists passed with the following output:
Change Dir: /home/razanh/Inmind/WebRTC/ros2_bags_stream_via_webrtc/build/CMakeFiles/CMakeTmp

Run Build Command(s):/usr/bin/gmake -f Makefile cmTC_7a7c6/fast && /usr/bin/gmake  -f CMakeFiles/cmTC_7a7c6.dir/build.make CMakeFiles/cmTC_7a7c6.dir/build
gmake[1]: Entering directory '/home/razanh/Inmind/WebRTC/ros2_bags_stream_via_webrtc/build/CMakeFiles/CMakeTmp'
Building C object CMakeFiles/cmTC_7a7c6.dir/CheckFunctionExists.c.o
/usr/bin/cc   -fsigned-char -W -Wall -Wreturn-type -Waddress -Wsequence-point -Wformat -Wformat-security -Wmissing-declarations -Wmissing-prototypes -Wstrict-prototypes -Wundef -Winit-self -Wpointer-arith -Wshadow -Wuninitialized -Wno-comment -Wimplicit-fallthrough=3 -Wno-strict-overflow -fdiagnostics-show-option -Wno-long-long -pthread -fomit-frame-pointer -ffunction-sections -fdata-sections  -msse -msse2 -msse3 -fvisibility=hidden -DCHECK_FUNCTION_EXISTS=strtoull -O3 -DNDEBUG  -DNDEBUG -fPIE -o CMakeFiles/cmTC_7a7c6.dir/CheckFunctionExists.c.o -c /usr/share/cmake-3.22/Modules/CheckFunctionExists.c
Linking C executable cmTC_7a7c6
/usr/bin/cmake -E cmake_link_script CMakeFiles/cmTC_7a7c6.dir/link.txt --verbose=1
/usr/bin/cc    -fsigned-char -W -Wall -Wreturn-type -Waddress -Wsequence-point -Wformat -Wformat-security -Wmissing-declarations -Wmissing-prototypes -Wstrict-prototypes -Wundef -Winit-self -Wpointer-arith -Wshadow -Wuninitialized -Wno-comment -Wimplicit-fallthrough=3 -Wno-strict-overflow -fdiagnostics-show-option -Wno-long-long -pthread -fomit-frame-pointer -ffunction-sections -fdata-sections  -msse -msse2 -msse3 -fvisibility=hidden -DCHECK_FUNCTION_EXISTS=strtoull -O3 -DNDEBUG  -DNDEBUG   -Wl,--gc-sections -Wl,--as-needed -Wl,--no-undefined  CMakeFiles/cmTC_7a7c6.dir/CheckFunctionExists.c.o -o cmTC_7a7c6 
gmake[1]: Leaving directory '/home/razanh/Inmind/WebRTC/ros2_bags_stream_via_webrtc/build/CMakeFiles/CMakeTmp'



Determining if the function lfind exists passed with the following output:
Change Dir: /home/razanh/Inmind/WebRTC/ros2_bags_stream_via_webrtc/build/CMakeFiles/CMakeTmp

Run Build Command(s):/usr/bin/gmake -f Makefile cmTC_b0b80/fast && /usr/bin/gmake  -f CMakeFiles/cmTC_b0b80.dir/build.make CMakeFiles/cmTC_b0b80.dir/build
gmake[1]: Entering directory '/home/razanh/Inmind/WebRTC/ros2_bags_stream_via_webrtc/build/CMakeFiles/CMakeTmp'
Building C object CMakeFiles/cmTC_b0b80.dir/CheckFunctionExists.c.o
/usr/bin/cc   -fsigned-char -W -Wall -Wreturn-type -Waddress -Wsequence-point -Wformat -Wformat-security -Wmissing-declarations -Wmissing-prototypes -Wstrict-prototypes -Wundef -Winit-self -Wpointer-arith -Wshadow -Wuninitialized -Wno-comment -Wimplicit-fallthrough=3 -Wno-strict-overflow -fdiagnostics-show-option -Wno-long-long -pthread -fomit-frame-pointer -ffunction-sections -fdata-sections  -msse -msse2 -msse3 -fvisibility=hidden -DCHECK_FUNCTION_EXISTS=lfind -O3 -DNDEBUG  -DNDEBUG -fPIE -o CMakeFiles/cmTC_b0b80.dir/CheckFunctionExists.c.o -c /usr/share/cmake-3.22/Modules/CheckFunctionExists.c
Linking C executable cmTC_b0b80
/usr/bin/cmake -E cmake_link_script CMakeFiles/cmTC_b0b80.dir/link.txt --verbose=1
/usr/bin/cc    -fsigned-char -W -Wall -Wreturn-type -Waddress -Wsequence-point -Wformat -Wformat-security -Wmissing-declarations -Wmissing-prototypes -Wstrict-prototypes -Wundef -Winit-self -Wpointer-arith -Wshadow -Wuninitialized -Wno-comment -Wimplicit-fallthrough=3 -Wno-strict-overflow -fdiagnostics-show-option -Wno-long-long -pthread -fomit-frame-pointer -ffunction-sections -fdata-sections  -msse -msse2 -msse3 -fvisibility=hidden -DCHECK_FUNCTION_EXISTS=lfind -O3 -DNDEBUG  -DNDEBUG   -Wl,--gc-sections -Wl,--as-needed -Wl,--no-undefined  CMakeFiles/cmTC_b0b80.dir/CheckFunctionExists.c.o -o cmTC_b0b80 
gmake[1]: Leaving directory '/home/razanh/Inmind/WebRTC/ros2_bags_stream_via_webrtc/build/CMakeFiles/CMakeTmp'



Performing C SOURCE FILE Test HAVE_SNPRINTF succeeded with the following output:
Change Dir: /home/razanh/Inmind/WebRTC/ros2_bags_stream_via_webrtc/build/CMakeFiles/CMakeTmp

Run Build Command(s):/usr/bin/gmake -f Makefile cmTC_8cae8/fast && /usr/bin/gmake  -f CMakeFiles/cmTC_8cae8.dir/build.make CMakeFiles/cmTC_8cae8.dir/build
gmake[1]: Entering directory '/home/razanh/Inmind/WebRTC/ros2_bags_stream_via_webrtc/build/CMakeFiles/CMakeTmp'
Building C object CMakeFiles/cmTC_8cae8.dir/src.c.o
/usr/bin/cc -DHAVE_SNPRINTF  -fsigned-char -W -Wall -Wreturn-type -Waddress -Wsequence-point -Wformat -Wformat-security -Wmissing-declarations -Wmissing-prototypes -Wstrict-prototypes -Wundef -Winit-self -Wpointer-arith -Wshadow -Wuninitialized -Wno-comment -Wimplicit-fallthrough=3 -Wno-strict-overflow -fdiagnostics-show-option -Wno-long-long -pthread -fomit-frame-pointer -ffunction-sections -fdata-sections  -msse -msse2 -msse3 -fvisibility=hidden  -O3 -DNDEBUG  -DNDEBUG -fPIE -o CMakeFiles/cmTC_8cae8.dir/src.c.o -c /home/razanh/Inmind/WebRTC/ros2_bags_stream_via_webrtc/build/CMakeFiles/CMakeTmp/src.c
Linking C executable cmTC_8cae8
/usr/bin/cmake -E cmake_link_script CMakeFiles/cmTC_8cae8.dir/link.txt --verbose=1
/usr/bin/cc    -fsigned-char -W -Wall -Wreturn-type -Waddress -Wsequence-point -Wformat -Wformat-security -Wmissing-declarations -Wmissing-prototypes -Wstrict-prototypes -Wundef -Winit-self -Wpointer-arith -Wshadow -Wuninitialized -Wno-comment -Wimplicit-fallthrough=3 -Wno-strict-overflow -fdiagnostics-show-option -Wno-long-long -pthread -fomit-frame-pointer -ffunction-sections -fdata-sections  -msse -msse2 -msse3 -fvisibility=hidden  -O3 -DNDEBUG  -DNDEBUG   -Wl,--gc-sections -Wl,--as-needed -Wl,--no-undefined  CMakeFiles/cmTC_8cae8.dir/src.c.o -o cmTC_8cae8 
gmake[1]: Leaving directory '/home/razanh/Inmind/WebRTC/ros2_bags_stream_via_webrtc/build/CMakeFiles/CMakeTmp'


Source file was:

#include <stdio.h>
int main(void) {
  char buf[10];
  snprintf(buf, 10, "Test %d", 1);
  return 0;
}
Determining if the include file stdio.h exists passed with the following output:
Change Dir: /home/razanh/Inmind/WebRTC/ros2_bags_stream_via_webrtc/build/CMakeFiles/CMakeTmp

Run Build Command(s):/usr/bin/gmake -f Makefile cmTC_bc400/fast && /usr/bin/gmake  -f CMakeFiles/cmTC_bc400.dir/build.make CMakeFiles/cmTC_bc400.dir/build
gmake[1]: Entering directory '/home/razanh/Inmind/WebRTC/ros2_bags_stream_via_webrtc/build/CMakeFiles/CMakeTmp'
Building C object CMakeFiles/cmTC_bc400.dir/CheckIncludeFile.c.o
/usr/bin/cc   -fsigned-char -W -Wall -Wreturn-type -Waddress -Wsequence-point -Wformat -Wformat-security -Wmissing-declarations -Wmissing-prototypes -Wstrict-prototypes -Wundef -Winit-self -Wpointer-arith -Wshadow -Wuninitialized -Wno-comment -Wimplicit-fallthrough=3 -Wno-strict-overflow -fdiagnostics-show-option -Wno-long-long -pthread -fomit-frame-pointer -ffunction-sections -fdata-sections  -msse -msse2 -msse3 -fvisibility=hidden -Wno-unused-but-set-variable  -O3 -DNDEBUG  -DNDEBUG -fPIE -o CMakeFiles/cmTC_bc400.dir/CheckIncludeFile.c.o -c /home/razanh/Inmind/WebRTC/ros2_bags_stream_via_webrtc/build/CMakeFiles/CMakeTmp/CheckIncludeFile.c
Linking C executable cmTC_bc400
/usr/bin/cmake -E cmake_link_script CMakeFiles/cmTC_bc400.dir/link.txt --verbose=1
/usr/bin/cc    -fsigned-char -W -Wall -Wreturn-type -Waddress -Wsequence-point -Wformat -Wformat-security -Wmissing-declarations -Wmissing-prototypes -Wstrict-prototypes -Wundef -Winit-self -Wpointer-arith -Wshadow -Wuninitialized -Wno-comment -Wimplicit-fallthrough=3 -Wno-strict-overflow -fdiagnostics-show-option -Wno-long-long -pthread -fomit-frame-pointer -ffunction-sections -fdata-sections  -msse -msse2 -msse3 -fvisibility=hidden -Wno-unused-but-set-variable  -O3 -DNDEBUG  -DNDEBUG   -Wl,--gc-sections -Wl,--as-needed -Wl,--no-undefined  CMakeFiles/cmTC_bc400.dir/CheckIncludeFile.c.o -o cmTC_bc400 
gmake[1]: Leaving directory '/home/razanh/Inmind/WebRTC/ros2_bags_stream_via_webrtc/build/CMakeFiles/CMakeTmp'



Determining if the include file math.h exists passed with the following output:
Change Dir: /home/razanh/Inmind/WebRTC/ros2_bags_stream_via_webrtc/build/CMakeFiles/CMakeTmp

Run Build Command(s):/usr/bin/gmake -f Makefile cmTC_56a4f/fast && /usr/bin/gmake  -f CMakeFiles/cmTC_56a4f.dir/build.make CMakeFiles/cmTC_56a4f.dir/build
gmake[1]: Entering directory '/home/razanh/Inmind/WebRTC/ros2_bags_stream_via_webrtc/build/CMakeFiles/CMakeTmp'
Building C object CMakeFiles/cmTC_56a4f.dir/CheckIncludeFile.c.o
/usr/bin/cc   -fsigned-char -W -Wall -Wreturn-type -Waddress -Wsequence-point -Wformat -Wformat-security -Wmissing-declarations -Wmissing-prototypes -Wstrict-prototypes -Wundef -Winit-self -Wpointer-arith -Wshadow -Wuninitialized -Wno-comment -Wimplicit-fallthrough=3 -Wno-strict-overflow -fdiagnostics-show-option -Wno-long-long -pthread -fomit-frame-pointer -ffunction-sections -fdata-sections  -msse -msse2 -msse3 -fvisibility=hidden -Wno-unused-but-set-variable  -O3 -DNDEBUG  -DNDEBUG -fPIE -o CMakeFiles/cmTC_56a4f.dir/CheckIncludeFile.c.o -c /home/razanh/Inmind/WebRTC/ros2_bags_stream_via_webrtc/build/CMakeFiles/CMakeTmp/CheckIncludeFile.c
Linking C executable cmTC_56a4f
/usr/bin/cmake -E cmake_link_script CMakeFiles/cmTC_56a4f.dir/link.txt --verbose=1
/usr/bin/cc    -fsigned-char -W -Wall -Wreturn-type -Waddress -Wsequence-point -Wformat -Wformat-security -Wmissing-declarations -Wmissing-prototypes -Wstrict-prototypes -Wundef -Winit-self -Wpointer-arith -Wshadow -Wuninitialized -Wno-comment -Wimplicit-fallthrough=3 -Wno-strict-overflow -fdiagnostics-show-option -Wno-long-long -pthread -fomit-frame-pointer -ffunction-sections -fdata-sections  -msse -msse2 -msse3 -fvisibility=hidden -Wno-unused-but-set-variable  -O3 -DNDEBUG  -DNDEBUG   -Wl,--gc-sections -Wl,--as-needed -Wl,--no-undefined  CMakeFiles/cmTC_56a4f.dir/CheckIncludeFile.c.o -o cmTC_56a4f 
gmake[1]: Leaving directory '/home/razanh/Inmind/WebRTC/ros2_bags_stream_via_webrtc/build/CMakeFiles/CMakeTmp'



Determining if the include file float.h exists passed with the following output:
Change Dir: /home/razanh/Inmind/WebRTC/ros2_bags_stream_via_webrtc/build/CMakeFiles/CMakeTmp

Run Build Command(s):/usr/bin/gmake -f Makefile cmTC_4e15b/fast && /usr/bin/gmake  -f CMakeFiles/cmTC_4e15b.dir/build.make CMakeFiles/cmTC_4e15b.dir/build
gmake[1]: Entering directory '/home/razanh/Inmind/WebRTC/ros2_bags_stream_via_webrtc/build/CMakeFiles/CMakeTmp'
Building C object CMakeFiles/cmTC_4e15b.dir/CheckIncludeFile.c.o
/usr/bin/cc   -fsigned-char -W -Wall -Wreturn-type -Waddress -Wsequence-point -Wformat -Wformat-security -Wmissing-declarations -Wmissing-prototypes -Wstrict-prototypes -Wundef -Winit-self -Wpointer-arith -Wshadow -Wuninitialized -Wno-comment -Wimplicit-fallthrough=3 -Wno-strict-overflow -fdiagnostics-show-option -Wno-long-long -pthread -fomit-frame-pointer -ffunction-sections -fdata-sections  -msse -msse2 -msse3 -fvisibility=hidden -Wno-unused-but-set-variable  -O3 -DNDEBUG  -DNDEBUG -fPIE -o CMakeFiles/cmTC_4e15b.dir/CheckIncludeFile.c.o -c /home/razanh/Inmind/WebRTC/ros2_bags_stream_via_webrtc/build/CMakeFiles/CMakeTmp/CheckIncludeFile.c
Linking C executable cmTC_4e15b
/usr/bin/cmake -E cmake_link_script CMakeFiles/cmTC_4e15b.dir/link.txt --verbose=1
/usr/bin/cc    -fsigned-char -W -Wall -Wreturn-type -Waddress -Wsequence-point -Wformat -Wformat-security -Wmissing-declarations -Wmissing-prototypes -Wstrict-prototypes -Wundef -Winit-self -Wpointer-arith -Wshadow -Wuninitialized -Wno-comment -Wimplicit-fallthrough=3 -Wno-strict-overflow -fdiagnostics-show-option -Wno-long-long -pthread -fomit-frame-pointer -ffunction-sections -fdata-sections  -msse -msse2 -msse3 -fvisibility=hidden -Wno-unused-but-set-variable  -O3 -DNDEBUG  -DNDEBUG   -Wl,--gc-sections -Wl,--as-needed -Wl,--no-undefined  CMakeFiles/cmTC_4e15b.dir/CheckIncludeFile.c.o -o cmTC_4e15b 
gmake[1]: Leaving directory '/home/razanh/Inmind/WebRTC/ros2_bags_stream_via_webrtc/build/CMakeFiles/CMakeTmp'



Determining if the include file time.h exists passed with the following output:
Change Dir: /home/razanh/Inmind/WebRTC/ros2_bags_stream_via_webrtc/build/CMakeFiles/CMakeTmp

Run Build Command(s):/usr/bin/gmake -f Makefile cmTC_66311/fast && /usr/bin/gmake  -f CMakeFiles/cmTC_66311.dir/build.make CMakeFiles/cmTC_66311.dir/build
gmake[1]: Entering directory '/home/razanh/Inmind/WebRTC/ros2_bags_stream_via_webrtc/build/CMakeFiles/CMakeTmp'
Building C object CMakeFiles/cmTC_66311.dir/CheckIncludeFile.c.o
/usr/bin/cc   -fsigned-char -W -Wall -Wreturn-type -Waddress -Wsequence-point -Wformat -Wformat-security -Wmissing-declarations -Wmissing-prototypes -Wstrict-prototypes -Wundef -Winit-self -Wpointer-arith -Wshadow -Wuninitialized -Wno-comment -Wimplicit-fallthrough=3 -Wno-strict-overflow -fdiagnostics-show-option -Wno-long-long -pthread -fomit-frame-pointer -ffunction-sections -fdata-sections  -msse -msse2 -msse3 -fvisibility=hidden -Wno-unused-but-set-variable  -O3 -DNDEBUG  -DNDEBUG -fPIE -o CMakeFiles/cmTC_66311.dir/CheckIncludeFile.c.o -c /home/razanh/Inmind/WebRTC/ros2_bags_stream_via_webrtc/build/CMakeFiles/CMakeTmp/CheckIncludeFile.c
Linking C executable cmTC_66311
/usr/bin/cmake -E cmake_link_script CMakeFiles/cmTC_66311.dir/link.txt --verbose=1
/usr/bin/cc    -fsigned-char -W -Wall -Wreturn-type -Waddress -Wsequence-point -Wformat -Wformat-security -Wmissing-declarations -Wmissing-prototypes -Wstrict-prototypes -Wundef -Winit-self -Wpointer-arith -Wshadow -Wuninitialized -Wno-comment -Wimplicit-fallthrough=3 -Wno-strict-overflow -fdiagnostics-show-option -Wno-long-long -pthread -fomit-frame-pointer -ffunction-sections -fdata-sections  -msse -msse2 -msse3 -fvisibility=hidden -Wno-unused-but-set-variable  -O3 -DNDEBUG  -DNDEBUG   -Wl,--gc-sections -Wl,--as-needed -Wl,--no-undefined  CMakeFiles/cmTC_66311.dir/CheckIncludeFile.c.o -o cmTC_66311 
gmake[1]: Leaving directory '/home/razanh/Inmind/WebRTC/ros2_bags_stream_via_webrtc/build/CMakeFiles/CMakeTmp'



Determining if the include file stdarg.h exists passed with the following output:
Change Dir: /home/razanh/Inmind/WebRTC/ros2_bags_stream_via_webrtc/build/CMakeFiles/CMakeTmp

Run Build Command(s):/usr/bin/gmake -f Makefile cmTC_d9f7a/fast && /usr/bin/gmake  -f CMakeFiles/cmTC_d9f7a.dir/build.make CMakeFiles/cmTC_d9f7a.dir/build
gmake[1]: Entering directory '/home/razanh/Inmind/WebRTC/ros2_bags_stream_via_webrtc/build/CMakeFiles/CMakeTmp'
Building C object CMakeFiles/cmTC_d9f7a.dir/CheckIncludeFile.c.o
/usr/bin/cc   -fsigned-char -W -Wall -Wreturn-type -Waddress -Wsequence-point -Wformat -Wformat-security -Wmissing-declarations -Wmissing-prototypes -Wstrict-prototypes -Wundef -Winit-self -Wpointer-arith -Wshadow -Wuninitialized -Wno-comment -Wimplicit-fallthrough=3 -Wno-strict-overflow -fdiagnostics-show-option -Wno-long-long -pthread -fomit-frame-pointer -ffunction-sections -fdata-sections  -msse -msse2 -msse3 -fvisibility=hidden -Wno-unused-but-set-variable  -O3 -DNDEBUG  -DNDEBUG -fPIE -o CMakeFiles/cmTC_d9f7a.dir/CheckIncludeFile.c.o -c /home/razanh/Inmind/WebRTC/ros2_bags_stream_via_webrtc/build/CMakeFiles/CMakeTmp/CheckIncludeFile.c
Linking C executable cmTC_d9f7a
/usr/bin/cmake -E cmake_link_script CMakeFiles/cmTC_d9f7a.dir/link.txt --verbose=1
/usr/bin/cc    -fsigned-char -W -Wall -Wreturn-type -Waddress -Wsequence-point -Wformat -Wformat-security -Wmissing-declarations -Wmissing-prototypes -Wstrict-prototypes -Wundef -Winit-self -Wpointer-arith -Wshadow -Wuninitialized -Wno-comment -Wimplicit-fallthrough=3 -Wno-strict-overflow -fdiagnostics-show-option -Wno-long-long -pthread -fomit-frame-pointer -ffunction-sections -fdata-sections  -msse -msse2 -msse3 -fvisibility=hidden -Wno-unused-but-set-variable  -O3 -DNDEBUG  -DNDEBUG   -Wl,--gc-sections -Wl,--as-needed -Wl,--no-undefined  CMakeFiles/cmTC_d9f7a.dir/CheckIncludeFile.c.o -o cmTC_d9f7a 
gmake[1]: Leaving directory '/home/razanh/Inmind/WebRTC/ros2_bags_stream_via_webrtc/build/CMakeFiles/CMakeTmp'



Determining if the include file ctype.h exists passed with the following output:
Change Dir: /home/razanh/Inmind/WebRTC/ros2_bags_stream_via_webrtc/build/CMakeFiles/CMakeTmp

Run Build Command(s):/usr/bin/gmake -f Makefile cmTC_92d16/fast && /usr/bin/gmake  -f CMakeFiles/cmTC_92d16.dir/build.make CMakeFiles/cmTC_92d16.dir/build
gmake[1]: Entering directory '/home/razanh/Inmind/WebRTC/ros2_bags_stream_via_webrtc/build/CMakeFiles/CMakeTmp'
Building C object CMakeFiles/cmTC_92d16.dir/CheckIncludeFile.c.o
/usr/bin/cc   -fsigned-char -W -Wall -Wreturn-type -Waddress -Wsequence-point -Wformat -Wformat-security -Wmissing-declarations -Wmissing-prototypes -Wstrict-prototypes -Wundef -Winit-self -Wpointer-arith -Wshadow -Wuninitialized -Wno-comment -Wimplicit-fallthrough=3 -Wno-strict-overflow -fdiagnostics-show-option -Wno-long-long -pthread -fomit-frame-pointer -ffunction-sections -fdata-sections  -msse -msse2 -msse3 -fvisibility=hidden -Wno-unused-but-set-variable  -O3 -DNDEBUG  -DNDEBUG -fPIE -o CMakeFiles/cmTC_92d16.dir/CheckIncludeFile.c.o -c /home/razanh/Inmind/WebRTC/ros2_bags_stream_via_webrtc/build/CMakeFiles/CMakeTmp/CheckIncludeFile.c
Linking C executable cmTC_92d16
/usr/bin/cmake -E cmake_link_script CMakeFiles/cmTC_92d16.dir/link.txt --verbose=1
/usr/bin/cc    -fsigned-char -W -Wall -Wreturn-type -Waddress -Wsequence-point -Wformat -Wformat-security -Wmissing-declarations -Wmissing-prototypes -Wstrict-prototypes -Wundef -Winit-self -Wpointer-arith -Wshadow -Wuninitialized -Wno-comment -Wimplicit-fallthrough=3 -Wno-strict-overflow -fdiagnostics-show-option -Wno-long-long -pthread -fomit-frame-pointer -ffunction-sections -fdata-sections  -msse -msse2 -msse3 -fvisibility=hidden -Wno-unused-but-set-variable  -O3 -DNDEBUG  -DNDEBUG   -Wl,--gc-sections -Wl,--as-needed -Wl,--no-undefined  CMakeFiles/cmTC_92d16.dir/CheckIncludeFile.c.o -o cmTC_92d16 
gmake[1]: Leaving directory '/home/razanh/Inmind/WebRTC/ros2_bags_stream_via_webrtc/build/CMakeFiles/CMakeTmp'



Determining if the include file stdint.h exists passed with the following output:
Change Dir: /home/razanh/Inmind/WebRTC/ros2_bags_stream_via_webrtc/build/CMakeFiles/CMakeTmp

Run Build Command(s):/usr/bin/gmake -f Makefile cmTC_3199e/fast && /usr/bin/gmake  -f CMakeFiles/cmTC_3199e.dir/build.make CMakeFiles/cmTC_3199e.dir/build
gmake[1]: Entering directory '/home/razanh/Inmind/WebRTC/ros2_bags_stream_via_webrtc/build/CMakeFiles/CMakeTmp'
Building C object CMakeFiles/cmTC_3199e.dir/CheckIncludeFile.c.o
/usr/bin/cc   -fsigned-char -W -Wall -Wreturn-type -Waddress -Wsequence-point -Wformat -Wformat-security -Wmissing-declarations -Wmissing-prototypes -Wstrict-prototypes -Wundef -Winit-self -Wpointer-arith -Wshadow -Wuninitialized -Wno-comment -Wimplicit-fallthrough=3 -Wno-strict-overflow -fdiagnostics-show-option -Wno-long-long -pthread -fomit-frame-pointer -ffunction-sections -fdata-sections  -msse -msse2 -msse3 -fvisibility=hidden -Wno-unused-but-set-variable  -O3 -DNDEBUG  -DNDEBUG -fPIE -o CMakeFiles/cmTC_3199e.dir/CheckIncludeFile.c.o -c /home/razanh/Inmind/WebRTC/ros2_bags_stream_via_webrtc/build/CMakeFiles/CMakeTmp/CheckIncludeFile.c
Linking C executable cmTC_3199e
/usr/bin/cmake -E cmake_link_script CMakeFiles/cmTC_3199e.dir/link.txt --verbose=1
/usr/bin/cc    -fsigned-char -W -Wall -Wreturn-type -Waddress -Wsequence-point -Wformat -Wformat-security -Wmissing-declarations -Wmissing-prototypes -Wstrict-prototypes -Wundef -Winit-self -Wpointer-arith -Wshadow -Wuninitialized -Wno-comment -Wimplicit-fallthrough=3 -Wno-strict-overflow -fdiagnostics-show-option -Wno-long-long -pthread -fomit-frame-pointer -ffunction-sections -fdata-sections  -msse -msse2 -msse3 -fvisibility=hidden -Wno-unused-but-set-variable  -O3 -DNDEBUG  -DNDEBUG   -Wl,--gc-sections -Wl,--as-needed -Wl,--no-undefined  CMakeFiles/cmTC_3199e.dir/CheckIncludeFile.c.o -o cmTC_3199e 
gmake[1]: Leaving directory '/home/razanh/Inmind/WebRTC/ros2_bags_stream_via_webrtc/build/CMakeFiles/CMakeTmp'



Determining if the include file inttypes.h exists passed with the following output:
Change Dir: /home/razanh/Inmind/WebRTC/ros2_bags_stream_via_webrtc/build/CMakeFiles/CMakeTmp

Run Build Command(s):/usr/bin/gmake -f Makefile cmTC_71262/fast && /usr/bin/gmake  -f CMakeFiles/cmTC_71262.dir/build.make CMakeFiles/cmTC_71262.dir/build
gmake[1]: Entering directory '/home/razanh/Inmind/WebRTC/ros2_bags_stream_via_webrtc/build/CMakeFiles/CMakeTmp'
Building C object CMakeFiles/cmTC_71262.dir/CheckIncludeFile.c.o
/usr/bin/cc   -fsigned-char -W -Wall -Wreturn-type -Waddress -Wsequence-point -Wformat -Wformat-security -Wmissing-declarations -Wmissing-prototypes -Wstrict-prototypes -Wundef -Winit-self -Wpointer-arith -Wshadow -Wuninitialized -Wno-comment -Wimplicit-fallthrough=3 -Wno-strict-overflow -fdiagnostics-show-option -Wno-long-long -pthread -fomit-frame-pointer -ffunction-sections -fdata-sections  -msse -msse2 -msse3 -fvisibility=hidden -Wno-unused-but-set-variable  -O3 -DNDEBUG  -DNDEBUG -fPIE -o CMakeFiles/cmTC_71262.dir/CheckIncludeFile.c.o -c /home/razanh/Inmind/WebRTC/ros2_bags_stream_via_webrtc/build/CMakeFiles/CMakeTmp/CheckIncludeFile.c
Linking C executable cmTC_71262
/usr/bin/cmake -E cmake_link_script CMakeFiles/cmTC_71262.dir/link.txt --verbose=1
/usr/bin/cc    -fsigned-char -W -Wall -Wreturn-type -Waddress -Wsequence-point -Wformat -Wformat-security -Wmissing-declarations -Wmissing-prototypes -Wstrict-prototypes -Wundef -Winit-self -Wpointer-arith -Wshadow -Wuninitialized -Wno-comment -Wimplicit-fallthrough=3 -Wno-strict-overflow -fdiagnostics-show-option -Wno-long-long -pthread -fomit-frame-pointer -ffunction-sections -fdata-sections  -msse -msse2 -msse3 -fvisibility=hidden -Wno-unused-but-set-variable  -O3 -DNDEBUG  -DNDEBUG   -Wl,--gc-sections -Wl,--as-needed -Wl,--no-undefined  CMakeFiles/cmTC_71262.dir/CheckIncludeFile.c.o -o cmTC_71262 
gmake[1]: Leaving directory '/home/razanh/Inmind/WebRTC/ros2_bags_stream_via_webrtc/build/CMakeFiles/CMakeTmp'



Determining if the include file sys/stat.h exists passed with the following output:
Change Dir: /home/razanh/Inmind/WebRTC/ros2_bags_stream_via_webrtc/build/CMakeFiles/CMakeTmp

Run Build Command(s):/usr/bin/gmake -f Makefile cmTC_82c3d/fast && /usr/bin/gmake  -f CMakeFiles/cmTC_82c3d.dir/build.make CMakeFiles/cmTC_82c3d.dir/build
gmake[1]: Entering directory '/home/razanh/Inmind/WebRTC/ros2_bags_stream_via_webrtc/build/CMakeFiles/CMakeTmp'
Building C object CMakeFiles/cmTC_82c3d.dir/CheckIncludeFile.c.o
/usr/bin/cc   -fsigned-char -W -Wall -Wreturn-type -Waddress -Wsequence-point -Wformat -Wformat-security -Wmissing-declarations -Wmissing-prototypes -Wstrict-prototypes -Wundef -Winit-self -Wpointer-arith -Wshadow -Wuninitialized -Wno-comment -Wimplicit-fallthrough=3 -Wno-strict-overflow -fdiagnostics-show-option -Wno-long-long -pthread -fomit-frame-pointer -ffunction-sections -fdata-sections  -msse -msse2 -msse3 -fvisibility=hidden -Wno-unused-but-set-variable  -O3 -DNDEBUG  -DNDEBUG -fPIE -o CMakeFiles/cmTC_82c3d.dir/CheckIncludeFile.c.o -c /home/razanh/Inmind/WebRTC/ros2_bags_stream_via_webrtc/build/CMakeFiles/CMakeTmp/CheckIncludeFile.c
Linking C executable cmTC_82c3d
/usr/bin/cmake -E cmake_link_script CMakeFiles/cmTC_82c3d.dir/link.txt --verbose=1
/usr/bin/cc    -fsigned-char -W -Wall -Wreturn-type -Waddress -Wsequence-point -Wformat -Wformat-security -Wmissing-declarations -Wmissing-prototypes -Wstrict-prototypes -Wundef -Winit-self -Wpointer-arith -Wshadow -Wuninitialized -Wno-comment -Wimplicit-fallthrough=3 -Wno-strict-overflow -fdiagnostics-show-option -Wno-long-long -pthread -fomit-frame-pointer -ffunction-sections -fdata-sections  -msse -msse2 -msse3 -fvisibility=hidden -Wno-unused-but-set-variable  -O3 -DNDEBUG  -DNDEBUG   -Wl,--gc-sections -Wl,--as-needed -Wl,--no-undefined  CMakeFiles/cmTC_82c3d.dir/CheckIncludeFile.c.o -o cmTC_82c3d 
gmake[1]: Leaving directory '/home/razanh/Inmind/WebRTC/ros2_bags_stream_via_webrtc/build/CMakeFiles/CMakeTmp'



Determining if files malloc.h exist passed with the following output:
Change Dir: /home/razanh/Inmind/WebRTC/ros2_bags_stream_via_webrtc/build/CMakeFiles/CMakeTmp

Run Build Command(s):/usr/bin/gmake -f Makefile cmTC_b800e/fast && /usr/bin/gmake  -f CMakeFiles/cmTC_b800e.dir/build.make CMakeFiles/cmTC_b800e.dir/build
gmake[1]: Entering directory '/home/razanh/Inmind/WebRTC/ros2_bags_stream_via_webrtc/build/CMakeFiles/CMakeTmp'
Building C object CMakeFiles/cmTC_b800e.dir/OPJ_HAVE_MALLOC_H.c.o
/usr/bin/cc   -fsigned-char -W -Wall -Wreturn-type -Waddress -Wsequence-point -Wformat -Wformat-security -Wmissing-declarations -Wmissing-prototypes -Wstrict-prototypes -Wundef -Winit-self -Wpointer-arith -Wshadow -Wuninitialized -Wno-comment -Wimplicit-fallthrough=3 -Wno-strict-overflow -fdiagnostics-show-option -Wno-long-long -pthread -fomit-frame-pointer -ffunction-sections -fdata-sections  -msse -msse2 -msse3 -fvisibility=hidden -Wno-unused-but-set-variable  -O3 -DNDEBUG  -DNDEBUG -fPIE -o CMakeFiles/cmTC_b800e.dir/OPJ_HAVE_MALLOC_H.c.o -c /home/razanh/Inmind/WebRTC/ros2_bags_stream_via_webrtc/build/CMakeFiles/CheckIncludeFiles/OPJ_HAVE_MALLOC_H.c
Linking C executable cmTC_b800e
/usr/bin/cmake -E cmake_link_script CMakeFiles/cmTC_b800e.dir/link.txt --verbose=1
/usr/bin/cc    -fsigned-char -W -Wall -Wreturn-type -Waddress -Wsequence-point -Wformat -Wformat-security -Wmissing-declarations -Wmissing-prototypes -Wstrict-prototypes -Wundef -Winit-self -Wpointer-arith -Wshadow -Wuninitialized -Wno-comment -Wimplicit-fallthrough=3 -Wno-strict-overflow -fdiagnostics-show-option -Wno-long-long -pthread -fomit-frame-pointer -ffunction-sections -fdata-sections  -msse -msse2 -msse3 -fvisibility=hidden -Wno-unused-but-set-variable  -O3 -DNDEBUG  -DNDEBUG   -Wl,--gc-sections -Wl,--as-needed -Wl,--no-undefined  CMakeFiles/cmTC_b800e.dir/OPJ_HAVE_MALLOC_H.c.o -o cmTC_b800e 
gmake[1]: Leaving directory '/home/razanh/Inmind/WebRTC/ros2_bags_stream_via_webrtc/build/CMakeFiles/CMakeTmp'



Determining if the posix_memalign exist passed with the following output:
Change Dir: /home/razanh/Inmind/WebRTC/ros2_bags_stream_via_webrtc/build/CMakeFiles/CMakeTmp

Run Build Command(s):/usr/bin/gmake -f Makefile cmTC_1779b/fast && /usr/bin/gmake  -f CMakeFiles/cmTC_1779b.dir/build.make CMakeFiles/cmTC_1779b.dir/build
gmake[1]: Entering directory '/home/razanh/Inmind/WebRTC/ros2_bags_stream_via_webrtc/build/CMakeFiles/CMakeTmp'
Building C object CMakeFiles/cmTC_1779b.dir/CheckSymbolExists.c.o
/usr/bin/cc -D_POSIX_C_SOURCE=200112L  -fsigned-char -W -Wall -Wreturn-type -Waddress -Wsequence-point -Wformat -Wformat-security -Wmissing-declarations -Wmissing-prototypes -Wstrict-prototypes -Wundef -Winit-self -Wpointer-arith -Wshadow -Wuninitialized -Wno-comment -Wimplicit-fallthrough=3 -Wno-strict-overflow -fdiagnostics-show-option -Wno-long-long -pthread -fomit-frame-pointer -ffunction-sections -fdata-sections  -msse -msse2 -msse3 -fvisibility=hidden -Wno-unused-but-set-variable  -O3 -DNDEBUG  -DNDEBUG -fPIE -o CMakeFiles/cmTC_1779b.dir/CheckSymbolExists.c.o -c /home/razanh/Inmind/WebRTC/ros2_bags_stream_via_webrtc/build/CMakeFiles/CMakeTmp/CheckSymbolExists.c
Linking C executable cmTC_1779b
/usr/bin/cmake -E cmake_link_script CMakeFiles/cmTC_1779b.dir/link.txt --verbose=1
/usr/bin/cc    -fsigned-char -W -Wall -Wreturn-type -Waddress -Wsequence-point -Wformat -Wformat-security -Wmissing-declarations -Wmissing-prototypes -Wstrict-prototypes -Wundef -Winit-self -Wpointer-arith -Wshadow -Wuninitialized -Wno-comment -Wimplicit-fallthrough=3 -Wno-strict-overflow -fdiagnostics-show-option -Wno-long-long -pthread -fomit-frame-pointer -ffunction-sections -fdata-sections  -msse -msse2 -msse3 -fvisibility=hidden -Wno-unused-but-set-variable  -O3 -DNDEBUG  -DNDEBUG   -Wl,--gc-sections -Wl,--as-needed -Wl,--no-undefined  CMakeFiles/cmTC_1779b.dir/CheckSymbolExists.c.o -o cmTC_1779b 
gmake[1]: Leaving directory '/home/razanh/Inmind/WebRTC/ros2_bags_stream_via_webrtc/build/CMakeFiles/CMakeTmp'


File /home/razanh/Inmind/WebRTC/ros2_bags_stream_via_webrtc/build/CMakeFiles/CMakeTmp/CheckSymbolExists.c:
/* */
#include <stdlib.h>

int main(int argc, char** argv)
{
  (void)argv;
#ifndef posix_memalign
  return ((int*)(&posix_memalign))[argc];
#else
  (void)argc;
  return 0;
#endif
}
Determining if the memalign exist passed with the following output:
Change Dir: /home/razanh/Inmind/WebRTC/ros2_bags_stream_via_webrtc/build/CMakeFiles/CMakeTmp

Run Build Command(s):/usr/bin/gmake -f Makefile cmTC_f567d/fast && /usr/bin/gmake  -f CMakeFiles/cmTC_f567d.dir/build.make CMakeFiles/cmTC_f567d.dir/build
gmake[1]: Entering directory '/home/razanh/Inmind/WebRTC/ros2_bags_stream_via_webrtc/build/CMakeFiles/CMakeTmp'
Building C object CMakeFiles/cmTC_f567d.dir/CheckSymbolExists.c.o
/usr/bin/cc   -fsigned-char -W -Wall -Wreturn-type -Waddress -Wsequence-point -Wformat -Wformat-security -Wmissing-declarations -Wmissing-prototypes -Wstrict-prototypes -Wundef -Winit-self -Wpointer-arith -Wshadow -Wuninitialized -Wno-comment -Wimplicit-fallthrough=3 -Wno-strict-overflow -fdiagnostics-show-option -Wno-long-long -pthread -fomit-frame-pointer -ffunction-sections -fdata-sections  -msse -msse2 -msse3 -fvisibility=hidden -Wno-unused-but-set-variable  -O3 -DNDEBUG  -DNDEBUG -fPIE -o CMakeFiles/cmTC_f567d.dir/CheckSymbolExists.c.o -c /home/razanh/Inmind/WebRTC/ros2_bags_stream_via_webrtc/build/CMakeFiles/CMakeTmp/CheckSymbolExists.c
Linking C executable cmTC_f567d
/usr/bin/cmake -E cmake_link_script CMakeFiles/cmTC_f567d.dir/link.txt --verbose=1
/usr/bin/cc    -fsigned-char -W -Wall -Wreturn-type -Waddress -Wsequence-point -Wformat -Wformat-security -Wmissing-declarations -Wmissing-prototypes -Wstrict-prototypes -Wundef -Winit-self -Wpointer-arith -Wshadow -Wuninitialized -Wno-comment -Wimplicit-fallthrough=3 -Wno-strict-overflow -fdiagnostics-show-option -Wno-long-long -pthread -fomit-frame-pointer -ffunction-sections -fdata-sections  -msse -msse2 -msse3 -fvisibility=hidden -Wno-unused-but-set-variable  -O3 -DNDEBUG  -DNDEBUG   -Wl,--gc-sections -Wl,--as-needed -Wl,--no-undefined  CMakeFiles/cmTC_f567d.dir/CheckSymbolExists.c.o -o cmTC_f567d 
gmake[1]: Leaving directory '/home/razanh/Inmind/WebRTC/ros2_bags_stream_via_webrtc/build/CMakeFiles/CMakeTmp'


File /home/razanh/Inmind/WebRTC/ros2_bags_stream_via_webrtc/build/CMakeFiles/CMakeTmp/CheckSymbolExists.c:
/* */
#include <malloc.h>

int main(int argc, char** argv)
{
  (void)argv;
#ifndef memalign
  return ((int*)(&memalign))[argc];
#else
  (void)argc;
  return 0;
#endif
}
Determining if the function sgemm_ exists passed with the following output:
Change Dir: /home/razanh/Inmind/WebRTC/ros2_bags_stream_via_webrtc/build/CMakeFiles/CMakeTmp

Run Build Command(s):/usr/bin/gmake -f Makefile cmTC_c9f4c/fast && /usr/bin/gmake  -f CMakeFiles/cmTC_c9f4c.dir/build.make CMakeFiles/cmTC_c9f4c.dir/build
gmake[1]: Entering directory '/home/razanh/Inmind/WebRTC/ros2_bags_stream_via_webrtc/build/CMakeFiles/CMakeTmp'
Building C object CMakeFiles/cmTC_c9f4c.dir/CheckFunctionExists.c.o
/usr/bin/cc   -fsigned-char -W -Wall -Wreturn-type -Waddress -Wsequence-point -Wformat -Wformat-security -Wmissing-declarations -Wmissing-prototypes -Wstrict-prototypes -Wundef -Winit-self -Wpointer-arith -Wshadow -Wuninitialized -Wno-comment -Wimplicit-fallthrough=3 -Wno-strict-overflow -fdiagnostics-show-option -Wno-long-long -pthread -fomit-frame-pointer -ffunction-sections -fdata-sections  -msse -msse2 -msse3 -fvisibility=hidden -DCHECK_FUNCTION_EXISTS=sgemm_ -O3 -DNDEBUG  -DNDEBUG -fPIE -o CMakeFiles/cmTC_c9f4c.dir/CheckFunctionExists.c.o -c /usr/share/cmake-3.22/Modules/CheckFunctionExists.c
Linking C executable cmTC_c9f4c
/usr/bin/cmake -E cmake_link_script CMakeFiles/cmTC_c9f4c.dir/link.txt --verbose=1
/usr/bin/cc    -fsigned-char -W -Wall -Wreturn-type -Waddress -Wsequence-point -Wformat -Wformat-security -Wmissing-declarations -Wmissing-prototypes -Wstrict-prototypes -Wundef -Winit-self -Wpointer-arith -Wshadow -Wuninitialized -Wno-comment -Wimplicit-fallthrough=3 -Wno-strict-overflow -fdiagnostics-show-option -Wno-long-long -pthread -fomit-frame-pointer -ffunction-sections -fdata-sections  -msse -msse2 -msse3 -fvisibility=hidden -DCHECK_FUNCTION_EXISTS=sgemm_ -O3 -DNDEBUG  -DNDEBUG   -Wl,--gc-sections -Wl,--as-needed -Wl,--no-undefined  CMakeFiles/cmTC_c9f4c.dir/CheckFunctionExists.c.o -o cmTC_c9f4c  /usr/lib/x86_64-linux-gnu/libblas.so 
gmake[1]: Leaving directory '/home/razanh/Inmind/WebRTC/ros2_bags_stream_via_webrtc/build/CMakeFiles/CMakeTmp'



Determining if the function cheev_ exists passed with the following output:
Change Dir: /home/razanh/Inmind/WebRTC/ros2_bags_stream_via_webrtc/build/CMakeFiles/CMakeTmp

Run Build Command(s):/usr/bin/gmake -f Makefile cmTC_e3470/fast && /usr/bin/gmake  -f CMakeFiles/cmTC_e3470.dir/build.make CMakeFiles/cmTC_e3470.dir/build
gmake[1]: Entering directory '/home/razanh/Inmind/WebRTC/ros2_bags_stream_via_webrtc/build/CMakeFiles/CMakeTmp'
Building C object CMakeFiles/cmTC_e3470.dir/CheckFunctionExists.c.o
/usr/bin/cc   -fsigned-char -W -Wall -Wreturn-type -Waddress -Wsequence-point -Wformat -Wformat-security -Wmissing-declarations -Wmissing-prototypes -Wstrict-prototypes -Wundef -Winit-self -Wpointer-arith -Wshadow -Wuninitialized -Wno-comment -Wimplicit-fallthrough=3 -Wno-strict-overflow -fdiagnostics-show-option -Wno-long-long -pthread -fomit-frame-pointer -ffunction-sections -fdata-sections  -msse -msse2 -msse3 -fvisibility=hidden -DCHECK_FUNCTION_EXISTS=cheev_ -O3 -DNDEBUG  -DNDEBUG -fPIE -o CMakeFiles/cmTC_e3470.dir/CheckFunctionExists.c.o -c /usr/share/cmake-3.22/Modules/CheckFunctionExists.c
Linking C executable cmTC_e3470
/usr/bin/cmake -E cmake_link_script CMakeFiles/cmTC_e3470.dir/link.txt --verbose=1
/usr/bin/cc    -fsigned-char -W -Wall -Wreturn-type -Waddress -Wsequence-point -Wformat -Wformat-security -Wmissing-declarations -Wmissing-prototypes -Wstrict-prototypes -Wundef -Winit-self -Wpointer-arith -Wshadow -Wuninitialized -Wno-comment -Wimplicit-fallthrough=3 -Wno-strict-overflow -fdiagnostics-show-option -Wno-long-long -pthread -fomit-frame-pointer -ffunction-sections -fdata-sections  -msse -msse2 -msse3 -fvisibility=hidden -DCHECK_FUNCTION_EXISTS=cheev_ -O3 -DNDEBUG  -DNDEBUG   -Wl,--gc-sections -Wl,--as-needed -Wl,--no-undefined  CMakeFiles/cmTC_e3470.dir/CheckFunctionExists.c.o -o cmTC_e3470  /usr/lib/x86_64-linux-gnu/liblapack.so /usr/lib/x86_64-linux-gnu/libblas.so 
gmake[1]: Leaving directory '/home/razanh/Inmind/WebRTC/ros2_bags_stream_via_webrtc/build/CMakeFiles/CMakeTmp'



Determining if the function XOpenDisplay exists in the /usr/lib/x86_64-linux-gnu/libX11.so;/usr/lib/x86_64-linux-gnu/libXext.so passed with the following output:
Change Dir: /home/razanh/Inmind/WebRTC/ros2_bags_stream_via_webrtc/build/CMakeFiles/CMakeTmp

Run Build Command(s):/usr/bin/gmake -f Makefile cmTC_6726c/fast && /usr/bin/gmake  -f CMakeFiles/cmTC_6726c.dir/build.make CMakeFiles/cmTC_6726c.dir/build
gmake[1]: Entering directory '/home/razanh/Inmind/WebRTC/ros2_bags_stream_via_webrtc/build/CMakeFiles/CMakeTmp'
Building C object CMakeFiles/cmTC_6726c.dir/CheckFunctionExists.c.o
/usr/bin/cc   -fsigned-char -W -Wall -Wreturn-type -Waddress -Wsequence-point -Wformat -Wformat-security -Wmissing-declarations -Wmissing-prototypes -Wstrict-prototypes -Wundef -Winit-self -Wpointer-arith -Wshadow -Wuninitialized -Wno-comment -Wimplicit-fallthrough=3 -Wno-strict-overflow -fdiagnostics-show-option -Wno-long-long -pthread -fomit-frame-pointer -ffunction-sections -fdata-sections  -msse -msse2 -msse3 -fvisibility=hidden -DCHECK_FUNCTION_EXISTS=XOpenDisplay -O3 -DNDEBUG  -DNDEBUG -fPIE -o CMakeFiles/cmTC_6726c.dir/CheckFunctionExists.c.o -c /usr/share/cmake-3.22/Modules/CheckFunctionExists.c
Linking C executable cmTC_6726c
/usr/bin/cmake -E cmake_link_script CMakeFiles/cmTC_6726c.dir/link.txt --verbose=1
/usr/bin/cc    -fsigned-char -W -Wall -Wreturn-type -Waddress -Wsequence-point -Wformat -Wformat-security -Wmissing-declarations -Wmissing-prototypes -Wstrict-prototypes -Wundef -Winit-self -Wpointer-arith -Wshadow -Wuninitialized -Wno-comment -Wimplicit-fallthrough=3 -Wno-strict-overflow -fdiagnostics-show-option -Wno-long-long -pthread -fomit-frame-pointer -ffunction-sections -fdata-sections  -msse -msse2 -msse3 -fvisibility=hidden -DCHECK_FUNCTION_EXISTS=XOpenDisplay -O3 -DNDEBUG  -DNDEBUG   -Wl,--gc-sections -Wl,--as-needed -Wl,--no-undefined  CMakeFiles/cmTC_6726c.dir/CheckFunctionExists.c.o -o cmTC_6726c  /usr/lib/x86_64-linux-gnu/libX11.so /usr/lib/x86_64-linux-gnu/libXext.so 
gmake[1]: Leaving directory '/home/razanh/Inmind/WebRTC/ros2_bags_stream_via_webrtc/build/CMakeFiles/CMakeTmp'



Determining if the function gethostbyname exists passed with the following output:
Change Dir: /home/razanh/Inmind/WebRTC/ros2_bags_stream_via_webrtc/build/CMakeFiles/CMakeTmp

Run Build Command(s):/usr/bin/gmake -f Makefile cmTC_6f657/fast && /usr/bin/gmake  -f CMakeFiles/cmTC_6f657.dir/build.make CMakeFiles/cmTC_6f657.dir/build
gmake[1]: Entering directory '/home/razanh/Inmind/WebRTC/ros2_bags_stream_via_webrtc/build/CMakeFiles/CMakeTmp'
Building C object CMakeFiles/cmTC_6f657.dir/CheckFunctionExists.c.o
/usr/bin/cc   -fsigned-char -W -Wall -Wreturn-type -Waddress -Wsequence-point -Wformat -Wformat-security -Wmissing-declarations -Wmissing-prototypes -Wstrict-prototypes -Wundef -Winit-self -Wpointer-arith -Wshadow -Wuninitialized -Wno-comment -Wimplicit-fallthrough=3 -Wno-strict-overflow -fdiagnostics-show-option -Wno-long-long -pthread -fomit-frame-pointer -ffunction-sections -fdata-sections  -msse -msse2 -msse3 -fvisibility=hidden -DCHECK_FUNCTION_EXISTS=gethostbyname -O3 -DNDEBUG  -DNDEBUG -fPIE -o CMakeFiles/cmTC_6f657.dir/CheckFunctionExists.c.o -c /usr/share/cmake-3.22/Modules/CheckFunctionExists.c
Linking C executable cmTC_6f657
/usr/bin/cmake -E cmake_link_script CMakeFiles/cmTC_6f657.dir/link.txt --verbose=1
/usr/bin/cc    -fsigned-char -W -Wall -Wreturn-type -Waddress -Wsequence-point -Wformat -Wformat-security -Wmissing-declarations -Wmissing-prototypes -Wstrict-prototypes -Wundef -Winit-self -Wpointer-arith -Wshadow -Wuninitialized -Wno-comment -Wimplicit-fallthrough=3 -Wno-strict-overflow -fdiagnostics-show-option -Wno-long-long -pthread -fomit-frame-pointer -ffunction-sections -fdata-sections  -msse -msse2 -msse3 -fvisibility=hidden -DCHECK_FUNCTION_EXISTS=gethostbyname -O3 -DNDEBUG  -DNDEBUG   -Wl,--gc-sections -Wl,--as-needed -Wl,--no-undefined  CMakeFiles/cmTC_6f657.dir/CheckFunctionExists.c.o -o cmTC_6f657 
gmake[1]: Leaving directory '/home/razanh/Inmind/WebRTC/ros2_bags_stream_via_webrtc/build/CMakeFiles/CMakeTmp'



Determining if the function connect exists passed with the following output:
Change Dir: /home/razanh/Inmind/WebRTC/ros2_bags_stream_via_webrtc/build/CMakeFiles/CMakeTmp

Run Build Command(s):/usr/bin/gmake -f Makefile cmTC_3f8ee/fast && /usr/bin/gmake  -f CMakeFiles/cmTC_3f8ee.dir/build.make CMakeFiles/cmTC_3f8ee.dir/build
gmake[1]: Entering directory '/home/razanh/Inmind/WebRTC/ros2_bags_stream_via_webrtc/build/CMakeFiles/CMakeTmp'
Building C object CMakeFiles/cmTC_3f8ee.dir/CheckFunctionExists.c.o
/usr/bin/cc   -fsigned-char -W -Wall -Wreturn-type -Waddress -Wsequence-point -Wformat -Wformat-security -Wmissing-declarations -Wmissing-prototypes -Wstrict-prototypes -Wundef -Winit-self -Wpointer-arith -Wshadow -Wuninitialized -Wno-comment -Wimplicit-fallthrough=3 -Wno-strict-overflow -fdiagnostics-show-option -Wno-long-long -pthread -fomit-frame-pointer -ffunction-sections -fdata-sections  -msse -msse2 -msse3 -fvisibility=hidden -DCHECK_FUNCTION_EXISTS=connect -O3 -DNDEBUG  -DNDEBUG -fPIE -o CMakeFiles/cmTC_3f8ee.dir/CheckFunctionExists.c.o -c /usr/share/cmake-3.22/Modules/CheckFunctionExists.c
Linking C executable cmTC_3f8ee
/usr/bin/cmake -E cmake_link_script CMakeFiles/cmTC_3f8ee.dir/link.txt --verbose=1
/usr/bin/cc    -fsigned-char -W -Wall -Wreturn-type -Waddress -Wsequence-point -Wformat -Wformat-security -Wmissing-declarations -Wmissing-prototypes -Wstrict-prototypes -Wundef -Winit-self -Wpointer-arith -Wshadow -Wuninitialized -Wno-comment -Wimplicit-fallthrough=3 -Wno-strict-overflow -fdiagnostics-show-option -Wno-long-long -pthread -fomit-frame-pointer -ffunction-sections -fdata-sections  -msse -msse2 -msse3 -fvisibility=hidden -DCHECK_FUNCTION_EXISTS=connect -O3 -DNDEBUG  -DNDEBUG   -Wl,--gc-sections -Wl,--as-needed -Wl,--no-undefined  CMakeFiles/cmTC_3f8ee.dir/CheckFunctionExists.c.o -o cmTC_3f8ee 
gmake[1]: Leaving directory '/home/razanh/Inmind/WebRTC/ros2_bags_stream_via_webrtc/build/CMakeFiles/CMakeTmp'



Determining if the function remove exists passed with the following output:
Change Dir: /home/razanh/Inmind/WebRTC/ros2_bags_stream_via_webrtc/build/CMakeFiles/CMakeTmp

Run Build Command(s):/usr/bin/gmake -f Makefile cmTC_1cbdb/fast && /usr/bin/gmake  -f CMakeFiles/cmTC_1cbdb.dir/build.make CMakeFiles/cmTC_1cbdb.dir/build
gmake[1]: Entering directory '/home/razanh/Inmind/WebRTC/ros2_bags_stream_via_webrtc/build/CMakeFiles/CMakeTmp'
Building C object CMakeFiles/cmTC_1cbdb.dir/CheckFunctionExists.c.o
/usr/bin/cc   -fsigned-char -W -Wall -Wreturn-type -Waddress -Wsequence-point -Wformat -Wformat-security -Wmissing-declarations -Wmissing-prototypes -Wstrict-prototypes -Wundef -Winit-self -Wpointer-arith -Wshadow -Wuninitialized -Wno-comment -Wimplicit-fallthrough=3 -Wno-strict-overflow -fdiagnostics-show-option -Wno-long-long -pthread -fomit-frame-pointer -ffunction-sections -fdata-sections  -msse -msse2 -msse3 -fvisibility=hidden -DCHECK_FUNCTION_EXISTS=remove -O3 -DNDEBUG  -DNDEBUG -fPIE -o CMakeFiles/cmTC_1cbdb.dir/CheckFunctionExists.c.o -c /usr/share/cmake-3.22/Modules/CheckFunctionExists.c
Linking C executable cmTC_1cbdb
/usr/bin/cmake -E cmake_link_script CMakeFiles/cmTC_1cbdb.dir/link.txt --verbose=1
/usr/bin/cc    -fsigned-char -W -Wall -Wreturn-type -Waddress -Wsequence-point -Wformat -Wformat-security -Wmissing-declarations -Wmissing-prototypes -Wstrict-prototypes -Wundef -Winit-self -Wpointer-arith -Wshadow -Wuninitialized -Wno-comment -Wimplicit-fallthrough=3 -Wno-strict-overflow -fdiagnostics-show-option -Wno-long-long -pthread -fomit-frame-pointer -ffunction-sections -fdata-sections  -msse -msse2 -msse3 -fvisibility=hidden -DCHECK_FUNCTION_EXISTS=remove -O3 -DNDEBUG  -DNDEBUG   -Wl,--gc-sections -Wl,--as-needed -Wl,--no-undefined  CMakeFiles/cmTC_1cbdb.dir/CheckFunctionExists.c.o -o cmTC_1cbdb 
gmake[1]: Leaving directory '/home/razanh/Inmind/WebRTC/ros2_bags_stream_via_webrtc/build/CMakeFiles/CMakeTmp'



Determining if the function shmat exists passed with the following output:
Change Dir: /home/razanh/Inmind/WebRTC/ros2_bags_stream_via_webrtc/build/CMakeFiles/CMakeTmp

Run Build Command(s):/usr/bin/gmake -f Makefile cmTC_a8abc/fast && /usr/bin/gmake  -f CMakeFiles/cmTC_a8abc.dir/build.make CMakeFiles/cmTC_a8abc.dir/build
gmake[1]: Entering directory '/home/razanh/Inmind/WebRTC/ros2_bags_stream_via_webrtc/build/CMakeFiles/CMakeTmp'
Building C object CMakeFiles/cmTC_a8abc.dir/CheckFunctionExists.c.o
/usr/bin/cc   -fsigned-char -W -Wall -Wreturn-type -Waddress -Wsequence-point -Wformat -Wformat-security -Wmissing-declarations -Wmissing-prototypes -Wstrict-prototypes -Wundef -Winit-self -Wpointer-arith -Wshadow -Wuninitialized -Wno-comment -Wimplicit-fallthrough=3 -Wno-strict-overflow -fdiagnostics-show-option -Wno-long-long -pthread -fomit-frame-pointer -ffunction-sections -fdata-sections  -msse -msse2 -msse3 -fvisibility=hidden -DCHECK_FUNCTION_EXISTS=shmat -O3 -DNDEBUG  -DNDEBUG -fPIE -o CMakeFiles/cmTC_a8abc.dir/CheckFunctionExists.c.o -c /usr/share/cmake-3.22/Modules/CheckFunctionExists.c
Linking C executable cmTC_a8abc
/usr/bin/cmake -E cmake_link_script CMakeFiles/cmTC_a8abc.dir/link.txt --verbose=1
/usr/bin/cc    -fsigned-char -W -Wall -Wreturn-type -Waddress -Wsequence-point -Wformat -Wformat-security -Wmissing-declarations -Wmissing-prototypes -Wstrict-prototypes -Wundef -Winit-self -Wpointer-arith -Wshadow -Wuninitialized -Wno-comment -Wimplicit-fallthrough=3 -Wno-strict-overflow -fdiagnostics-show-option -Wno-long-long -pthread -fomit-frame-pointer -ffunction-sections -fdata-sections  -msse -msse2 -msse3 -fvisibility=hidden -DCHECK_FUNCTION_EXISTS=shmat -O3 -DNDEBUG  -DNDEBUG   -Wl,--gc-sections -Wl,--as-needed -Wl,--no-undefined  CMakeFiles/cmTC_a8abc.dir/CheckFunctionExists.c.o -o cmTC_a8abc 
gmake[1]: Leaving directory '/home/razanh/Inmind/WebRTC/ros2_bags_stream_via_webrtc/build/CMakeFiles/CMakeTmp'



Determining if the function IceConnectionNumber exists in the ICE passed with the following output:
Change Dir: /home/razanh/Inmind/WebRTC/ros2_bags_stream_via_webrtc/build/CMakeFiles/CMakeTmp

Run Build Command(s):/usr/bin/gmake -f Makefile cmTC_18806/fast && /usr/bin/gmake  -f CMakeFiles/cmTC_18806.dir/build.make CMakeFiles/cmTC_18806.dir/build
gmake[1]: Entering directory '/home/razanh/Inmind/WebRTC/ros2_bags_stream_via_webrtc/build/CMakeFiles/CMakeTmp'
Building C object CMakeFiles/cmTC_18806.dir/CheckFunctionExists.c.o
/usr/bin/cc   -fsigned-char -W -Wall -Wreturn-type -Waddress -Wsequence-point -Wformat -Wformat-security -Wmissing-declarations -Wmissing-prototypes -Wstrict-prototypes -Wundef -Winit-self -Wpointer-arith -Wshadow -Wuninitialized -Wno-comment -Wimplicit-fallthrough=3 -Wno-strict-overflow -fdiagnostics-show-option -Wno-long-long -pthread -fomit-frame-pointer -ffunction-sections -fdata-sections  -msse -msse2 -msse3 -fvisibility=hidden -DCHECK_FUNCTION_EXISTS=IceConnectionNumber -O3 -DNDEBUG  -DNDEBUG -fPIE -o CMakeFiles/cmTC_18806.dir/CheckFunctionExists.c.o -c /usr/share/cmake-3.22/Modules/CheckFunctionExists.c
Linking C executable cmTC_18806
/usr/bin/cmake -E cmake_link_script CMakeFiles/cmTC_18806.dir/link.txt --verbose=1
/usr/bin/cc    -fsigned-char -W -Wall -Wreturn-type -Waddress -Wsequence-point -Wformat -Wformat-security -Wmissing-declarations -Wmissing-prototypes -Wstrict-prototypes -Wundef -Winit-self -Wpointer-arith -Wshadow -Wuninitialized -Wno-comment -Wimplicit-fallthrough=3 -Wno-strict-overflow -fdiagnostics-show-option -Wno-long-long -pthread -fomit-frame-pointer -ffunction-sections -fdata-sections  -msse -msse2 -msse3 -fvisibility=hidden -DCHECK_FUNCTION_EXISTS=IceConnectionNumber -O3 -DNDEBUG  -DNDEBUG   -Wl,--gc-sections -Wl,--as-needed -Wl,--no-undefined  CMakeFiles/cmTC_18806.dir/CheckFunctionExists.c.o -o cmTC_18806  -lICE 
gmake[1]: Leaving directory '/home/razanh/Inmind/WebRTC/ros2_bags_stream_via_webrtc/build/CMakeFiles/CMakeTmp'



Determining if the function dlerror exists in the dl passed with the following output:
Change Dir: /home/razanh/Inmind/WebRTC/ros2_bags_stream_via_webrtc/build/CMakeFiles/CMakeTmp

Run Build Command(s):/usr/bin/gmake -f Makefile cmTC_46600/fast && /usr/bin/gmake  -f CMakeFiles/cmTC_46600.dir/build.make CMakeFiles/cmTC_46600.dir/build
gmake[1]: Entering directory '/home/razanh/Inmind/WebRTC/ros2_bags_stream_via_webrtc/build/CMakeFiles/CMakeTmp'
Building C object CMakeFiles/cmTC_46600.dir/CheckFunctionExists.c.o
/usr/bin/cc   -fsigned-char -W -Wall -Wreturn-type -Waddress -Wsequence-point -Wformat -Wformat-security -Wmissing-declarations -Wmissing-prototypes -Wstrict-prototypes -Wundef -Winit-self -Wpointer-arith -Wshadow -Wuninitialized -Wno-comment -Wimplicit-fallthrough=3 -Wno-strict-overflow -fdiagnostics-show-option -Wno-long-long -pthread -fomit-frame-pointer -ffunction-sections -fdata-sections  -msse -msse2 -msse3 -fvisibility=hidden -DCHECK_FUNCTION_EXISTS=dlerror -O3 -DNDEBUG  -DNDEBUG -fPIE -o CMakeFiles/cmTC_46600.dir/CheckFunctionExists.c.o -c /usr/share/cmake-3.22/Modules/CheckFunctionExists.c
Linking C executable cmTC_46600
/usr/bin/cmake -E cmake_link_script CMakeFiles/cmTC_46600.dir/link.txt --verbose=1
/usr/bin/cc    -fsigned-char -W -Wall -Wreturn-type -Waddress -Wsequence-point -Wformat -Wformat-security -Wmissing-declarations -Wmissing-prototypes -Wstrict-prototypes -Wundef -Winit-self -Wpointer-arith -Wshadow -Wuninitialized -Wno-comment -Wimplicit-fallthrough=3 -Wno-strict-overflow -fdiagnostics-show-option -Wno-long-long -pthread -fomit-frame-pointer -ffunction-sections -fdata-sections  -msse -msse2 -msse3 -fvisibility=hidden -DCHECK_FUNCTION_EXISTS=dlerror -O3 -DNDEBUG  -DNDEBUG   -Wl,--gc-sections -Wl,--as-needed -Wl,--no-undefined  CMakeFiles/cmTC_46600.dir/CheckFunctionExists.c.o -o cmTC_46600  -ldl 
gmake[1]: Leaving directory '/home/razanh/Inmind/WebRTC/ros2_bags_stream_via_webrtc/build/CMakeFiles/CMakeTmp'



Determining if the include file linux/videodev2.h exists passed with the following output:
Change Dir: /home/razanh/Inmind/WebRTC/ros2_bags_stream_via_webrtc/build/CMakeFiles/CMakeTmp

Run Build Command(s):/usr/bin/gmake -f Makefile cmTC_48743/fast && /usr/bin/gmake  -f CMakeFiles/cmTC_48743.dir/build.make CMakeFiles/cmTC_48743.dir/build
gmake[1]: Entering directory '/home/razanh/Inmind/WebRTC/ros2_bags_stream_via_webrtc/build/CMakeFiles/CMakeTmp'
Building C object CMakeFiles/cmTC_48743.dir/CheckIncludeFile.c.o
/usr/bin/cc   -fsigned-char -W -Wall -Wreturn-type -Waddress -Wsequence-point -Wformat -Wformat-security -Wmissing-declarations -Wmissing-prototypes -Wstrict-prototypes -Wundef -Winit-self -Wpointer-arith -Wshadow -Wuninitialized -Wno-comment -Wimplicit-fallthrough=3 -Wno-strict-overflow -fdiagnostics-show-option -Wno-long-long -pthread -fomit-frame-pointer -ffunction-sections -fdata-sections  -msse -msse2 -msse3 -fvisibility=hidden  -O3 -DNDEBUG  -DNDEBUG -fPIE -o CMakeFiles/cmTC_48743.dir/CheckIncludeFile.c.o -c /home/razanh/Inmind/WebRTC/ros2_bags_stream_via_webrtc/build/CMakeFiles/CMakeTmp/CheckIncludeFile.c
Linking C executable cmTC_48743
/usr/bin/cmake -E cmake_link_script CMakeFiles/cmTC_48743.dir/link.txt --verbose=1
/usr/bin/cc    -fsigned-char -W -Wall -Wreturn-type -Waddress -Wsequence-point -Wformat -Wformat-security -Wmissing-declarations -Wmissing-prototypes -Wstrict-prototypes -Wundef -Winit-self -Wpointer-arith -Wshadow -Wuninitialized -Wno-comment -Wimplicit-fallthrough=3 -Wno-strict-overflow -fdiagnostics-show-option -Wno-long-long -pthread -fomit-frame-pointer -ffunction-sections -fdata-sections  -msse -msse2 -msse3 -fvisibility=hidden  -O3 -DNDEBUG  -DNDEBUG   -Wl,--gc-sections -Wl,--as-needed -Wl,--no-undefined  CMakeFiles/cmTC_48743.dir/CheckIncludeFile.c.o -o cmTC_48743 
gmake[1]: Leaving directory '/home/razanh/Inmind/WebRTC/ros2_bags_stream_via_webrtc/build/CMakeFiles/CMakeTmp'



